id,sequence
"<html><head><title>Welcome to FastaToTab</title></head><body>AZMH01000358.1/5861-5765","TGTGCTATACTAGTAAGGTTGATTCAAGCAACCCTTGGTGCTTAGCTTCTTTCACCAAGCATATTATACGCGGGAAACCGCCAAAGGAGAAAAGATG"
"CBXK010000731.1/16622-16734","TGTGCTATACTTTTAAGCGTTGTGCAAACAACCCTTGACGCTTAGTTCCCTTTCGTCAAGCATATTATAGACGTGAAGAGTTGTCGCTCTTTAACGTTAAAGGAGAAAATTTT"
"CM001076.1/692240-692359","TGTGGTACAATGTAACCGTTGTTTAGCAACCCTTGGTGCTTAGTTCCCTTTCACCAAGCATATTAGACACGTAAAGAGTTAGGTTTGACTAACTGCTTTGACGTTAAAGGAGAAAAAATG"
"MSJM01000013.1/11472-11359","TCCCCTATTTTTCGTTCGGTTTTTTCACGGCTTCACATCTGCACAACCCTTGGCACTTCCTTCCTTTAGCCAAGCATATTACACGCGGTTTAGCCGCCAAAGGAGAGTTATATG"
"LN774769.1/1930552-1930456","TTTGCTATACTAGATATTGCTTGTAATGAGCCCTTCGTACTTTCTCACTTTGACGGAGCATATTAAAATCGCGGGAGCGATAAAGGAGATTCATTTG"
"ATBB01000646.1/1429-1323","TCTGTTAAAATAAAAACGTTGCTCAATTGCGAGTCAACCCTTGAGCCTTCTTCCCTTTGCTCAAGCATATTAAACGCGACATTTTGTCGCCAAAGGAGAGTATTTTG"
"FMXP01000013.1/3540-3404","TTTGCTATAATAGGAAAGTTGTTTCGAGCAACCCTTGGTACTTGTATTCTTGAGAGGATGAAAAACTTTTAAGGATAAATTCCCCTTTGACCAAGCATATTATAGGTGATAACAATCACTAAAGAGGAGTCTAAATG"
"CM002128.1/378252-378358","TATGCTATACTTGAAAGGTTGAAGAAATCAAACCTTCAACCCTTGGTGCTTAAGATCCTTTCGCCAAGCATATTAGACGCGGGAAAACCGCTAAAGGAGAATAAATG"
"CP014699.1/1326974-1326751","TATGATACAATAAGCAAGTTGTTTATGCAACCCTTGGTGCTTAGCTTCTTTCACCAAGCATATTAGAAGCGTGAAATAAAGTGGTGGCATTCTATTTAGACAGTGCCGACTTCATTGTTTTTGCTGGCTAGTCTTCTATGACAGTCAAAACGGTGATTTCTGAACAGGCTTGTCTGACAGAATACCAAGGCTCTTTTATTTTGACGCTAAAGGAGAATTAAATG"
"FSGV01000016.1/46069-45972","TGTGCTATACTTGTAAAGTTGACTTGCTCAACCCTTGGTGCTTAGCTTCTTTCACCAAGCATATTACACGTGGCAAAGCCGCTAAAGGAGAAAATATG"
"CP003025.1/629989-630100","TGTGCTATACTTTTAAGCGTTGTCTTGACGACCCTTGGTGCTTAGTTCCCTTTCACCAAGCATATTACAAACGTTGGAAGCTAGCCTTTCAAACGTCAAAGGAGAAAAAATG"
"CM002131.1/602348-602459","TGTGCTATACTTTAAAGCGTTGTCTCTACAACCCTTGGCGCTTTTTCCCTTTCGCCAAGCATATTAGAAACGTAGAAGGGGCTAACTTTCTAACGTTAAAGGAGAAGAATTT"
"JRNL01000008.1/35095-35192","TGTGCTATACTAACAAAGTTGACTTGTTCAACCCTTGGTGCTTAACTTCTTTCACCAAGCATATTAAACGCGGTGGAGCCGCTAAAGGAGAAAACATG"
"AE005176.1/802553-802658","TCTGCTAAAATAAAAACGTTGCTCAATAGTGAGTTAACCCTTGAGCCTTCATCCCTTTGCTCAAGCATATTATAGGCGAATTTTGTCGCCAAAGGAGAACCTTTTG"
"ALBB01000005.1/454112-454208","TGTGCTATACTAGTAAGGTTGAATGAATCAACCCTTGGTGCTTAGCTTCTTTCACCAAGCATATTACACGCGGATAACCGCCAAAGGAGAAAAGATG"
"AP009333.1/564603-564708","ATTGATATAATATACAAGTTGCAATTTATCAGCAATCCTCAGGACTTTTAACCTTTGCCTGAGCATATTACAGGCGGTATTCAGCCGCTAAAGGAGAAAAAAATTG"
"CP000423.1/2043279-2043181","ACACCAAAACTGAAAACGGAAGGCAATCCTTCCACGACGATACTTACTTTCCTTTGATCGTCGTTACTACTGGCATAGCCACAAAGGAGAACAAACATG"
"LHQM01000030.1/221-335","TATGTTACAATAGAATAGTTGTTTGGCAACCCTTGATGCTTAGTTCCCTTTCATCAAGCATATTACACACGTAGCAAGGTTAAGTCCTTGTTTTGACGTTAAAGGAGAAAACATG"
"HE999887.1/4737-4836","TGAAACAAGCCTTATGTGCTTAATTAATTCAAGCCCTCTGTACTTTCTCACTTTGACAGAGCGTATCACACTCGCAAATGCGATAAAGGAGACTTTTATG"
"AOCT02000021.1/49-158","TATGCTACAATAAGACTGTTGCTCAGCAACCCTTGGTGCTTAGTTCCCTTTCACCAAGCATATTAGACACGTCGTTTTGAGTTAAAAACAGACGTCAAAGGAGAAAAATG"
"KI259672.1/32796-32895","TATGCTATACTAGAACAGCTGGTTTCCAGCCCTTGGTGCTTAGCTCTTTTCACCAAGCATATTTTAAGCGGTCGCCCCGCTAAAGGAGAATCATCACATG"
"CP003857.1/745574-745683","TGTGCTATACTTGAAAGGCTGTATTAATGTTATCAATACAGTCCTTGGCGCTTAGTTTCCTTTCGCCAAGCATATTATACGCGGTTATAGCCGCCAAAGGAGAAAAAATG"
"AE014133.2/1474191-1474095","TATGCTATACTGGATAAGTTGTCTGACAACCCTTGGTGCTTATTTCCCTTTCACCAAGCATATTACAAACGGTAGATCCGTTAAAGGAGAAACAATG"
"AFQU01000001.1/1873926-1874056","TGTGCTATACTAGATGAGTTGTCAAACGAGCAGGCTAGATCATCTTTGCCTCATGTTGCGCAACCCTTGGTGCTTAGCTTCTTTCGCCAAGCATATTACACGCGGTAAAACCGCCAAAGGAGAATTTTATG"
"MOWR01000002.1/248662-248758","TATGCTATACTGAATAAGTTGCTCAGCAACCCTTGGTGCTTACTTCCCTTTCACCAAGCATATTATAAACGGGACAACCGTCAAAGGAGAAATAATG"
"CTEN01000004.1/229855-229761","TCTTTGAGTATTAAAAAGTAGGAACAACCCTTGGCGCTTCTTCCCTTTAGCCAAGCATATTACAAGCGGTTTATCCGCCAAAGGAGAATTATATG"
"AOCD01000041.1/13825-13922","TATGCTATACTGAATAAGCTGCGCTCAGCAGCCCTTGGTGCTTATGTCCTTTCACCAAGCATATTACAAACGGTAGAGCCGTCAAAGGAGAACTGATG"
"ANQC01000134.1/19644-19547","TATGATACACTAGAAAAGCTGTTTTAGCAACCCTTGGCGCTTCTTTCCTTTCGCCAAGCATATTACAAACGGTACAACCGTTAAAGGAGATCTTTATG"
"KQ969157.1/232238-232380","TGTGCTATACTAGTAAGGTTGAATGGCTTAACTTTTCTAAATAGTTTTACTATTTAGAAATTCTTTAACTCAATCAACCCTTGGTGCTTAGCTTCTTTCACCAAGCATATTACATGCGGAAAACCGCTAAAGGAGAAAACATG"
"JRQN01000019.1/23931-23818","TATGCTATAATAATGGAGTTGCAAAGCAACCTTGGTGCTTAAGTTCCTTTCACCAAGCATATTATACGCGCACTGAAGTATCAACTTTATGTGACGCCAAAGGAGAAAATAATG"
"KQ969393.1/469908-470018","TATGCTATACTTGAAATGCTGTGTAATTTGAATCCATGCAGCCCTTGACGCTTAGCTTCTTTCGTCAAGCATAGTAGAAGCGGTTTGGCCGCTAAAGGAGAATCTCTTATG"
"AEDY01000119.1/6069-6166","TGTGCTATACTTGAAAGGTTGACTTGCTCAACCCTTGGTGCTTAGCTTCTTTCACCAAGCATATTTTACGCGGGTTAATCGCTAAAGGAGAAAACATG"
"FM204884.1/1311057-1310939","TATGGTACAATGTAGGCGTTGCTTAGCAACCCTTGGTGCTTAGTTCCCTTTCACCAAGCATATTACAAACGTGGCGGAGCTGTTTATGCTCTAGTCTGACGTCAAAGGAGAAACACATG"
"AFUT01000001.1/415821-415919","TGTGCTATAATTGTAAAGTTGATTTTTATCAACCCTTGGTGCTTAGCTTCTTTCACCAAGCATATTAGATGCGGGATAGCCGCTAAAGGAGAAAACATG"
"AEUZ02000001.1/848814-848927","TGTGGTATAATGTAAACTGTCGTAAAACGACCCTTGGTGCTTAGTTCCCTTTCACCAAGCATATTAGAAACGTAAATGATCCTTAGATTATTTGGCGTTAAAGGAGAAAAAATG"
"CP012034.1/1198175-1198077","CCAAGTAGAATGTACTGAGGTGCAAAATGCATCACTGCGATACTTATTTCCTTTGATCGTAGTTATTTAGTGGCGATTGCCATAAAGGAGCTAATAATG"
"CP000725.1/1440073-1439939","TATGCTATACTAGTTGAGTTGCCGAGTTTGTAAGGGAAAGGCATGTCTTTCTTCTTATTCCTAGCAACCCTTGGCTCTTAGCTTCTTTCGCCAAGCATATTACACGCGGTAAAACCGCCAAAGGAGAATTTGATG"
"AEUT02000001.1/217880-217994","TATGCTATAATAATTGAGTTGCCGTGCAACCCTTGGTGCTTAAGTTCCTTTCACCAAGCATATTATACGCGAGATAAAGAAGTATCTTTATTTTACGCCAAAGGAGAATCTTATG"
"CP000407.1/1534158-1534056","TATGCTATACTAATCAACGTTGTTGATAAATTCAATGACCCTTGGGGCTTGCTCACTTTACCCAAGCATATTTTAAGCTTTTTCGCTAAAGGAGAATTTTATG"
"CP013688.1/1209373-1209261","TGTGCTATACTTTTAAGCGTTGTGAAAACAACCCTTGACGCTTAGTTCCCTTTCGTCAAGCATATTAGAGACGTGAAGAATTGTCGCTCTTTAACGTTAAAGGAGAAAAAATT"
"AEUY02000003.1/47857-47970","TGTGGTATAATGAAAAGGTTGCCATGCAACCCTTGGTGCTTAGTTCCCTTTCGCCAAGCATATTACAAATGTTATTAGCAAAGATTCCTGATAGCATTAAAGGAGAAAATGATG"
"AEUX02000006.1/511000-510899","TGTGCTAGAATGAAGAAGTTGCCTAGCAATCCTTGGTGCTTAGTTCCTTTCACCAAGCATATTATACGCGTAAAAAATGACACCAAAGGAGAGATACCAATG"
"MKIR01000001.1/290038-289942","TATGGTAAGATACTTATTGGTCTATGACCCCTTGCCACTTATTCACCTTTGGGCAAGCATATTACACTCGCAAAAAGCGATAAAGGAGAAATATATG"
"AM946015.1/624185-624301","TATGCTACAATAATAAAGTTGCTTAGCAACCCTTGGTGCTTAGTTCCCTTTCGCCAAGCATATTACAAACGGCATCAATCATTTTCAATTGATGTATCGTTAAAGGAGAAAAAAATG"
"KQ969506.1/799880-799780","TCTGCTATACTTAACAACGTTGCATCTGCAACCCTTGACCCTTCCCTTCTTTGGTCAAGCATATTAGAAGCGAAACAATCGCTAAAGGAGATTTTTACATG"
"AE009948.1/847184-847297","TGTGATATACTTAGTAAGTTGTTTTACACAACCCTTGATGCTTAGTTCCCTTTCATCAAGCATATTACAAACGTTAGAAGTGTTAACTATCTAAACGTTAAAGGAGAAATTATG"
"AEYM01000577.1/1324-1200","AAAAGTAAACTGAAAACATTGTAAGAACTATTAACTGAATCGGAACCGCCCCGCGCGCTTCCACGACGATACTTATTTCCTTTGATCGTCGTTATTACTGGCAAAGCCACAAAGGAGAAACAATA"
"AE004092.2/610434-610549","TATGGTACAATGTAACCGTTGCTTTGCAACCCTTGGTGCTTAGTTCCCTTTCACCAAGCATATTAGAAACGTAGATAGCTTTTGAGAGTTATCCAGACGTTAAAGGAGAAAAAATG"
"AP011114.1/708700-708819","TGTGGTACAATGTAACCGTTGCTTAGCAACCCTTGGTGCTTAGTTCCCTTTCACCAAGCATATTAGACACGTAAAGAGTTAGGTTTGACTAACTGCTTTGACGTTAAAGGAGAAAAAATG"
"JPEN01000022.1/6252-6346","CATTTCTTACTGTTAGTGATGGATACAGCCCTTGACGCTTAGCTTCTTTCGTCAAGCATATTTTAAGCGGGAAAACCGCTAAAGGAGAAAAAATG"
"AE007317.1/904161-904257","TGTGCTATACTAGTAAGGTTGAATGAATCAACCCTTGGTGCTTAGCTTCTTTCACCAAGCATATTACACGCGGATAACCGCCAAAGGAGAAAAGATG"
"FUXI01000005.1/90928-91028","TCCGTTATACTATTTCTCGTGGTTCAATCCACCCTTTGACACTTCCTCACTTTGGTCAAAGCATATTACACTCGGGTTTCGCCGATAAAGGAGAGTTTATT"
"AEUW02000001.1/978484-978387","TATGCTATACTAGATGAGTTGCTTTAGCAGCCCTTGACACTTCCTGCCTTTGGTCAAGCATATTATAAGCGGTTAAGCCGCTAAAGGAGAAAAGAATG"
"ABAA01000002.1/167005-167101","TGTGCTATACTAGTAGGGTTGAATAAAGCAACCCTTGGTGTTTAGCTTCTTTCACCAAGCATATTACACGCGGGCAACCGCCAAAGGAGAAAAGATG"
"CP000387.1/1493033-1492897","TATGCTATACTAGTTGGGTTGCCAAATCTGTGGGGGAATCAACTAATGATGCTCCTCTCATGTGATGCAACCCTTGGCGCTTAGCTTCTTTCGCCAAGCATATTACACGCGGTAAAGCCGCTAAAGGAGAAAACATG"
"ABAC01000009.1/939-843","TGTGCTATACTAGTAAGGTTGAATGAATCAACCCTTGGTGCTTAGCTTCTTTCACCAAGCATATTACACGCGGATAACCGCCAAAGGAGAAAAGATG"
"CP000425.1/786495-786601","TCTGTTAAAATAAAAACGTTGCTCAATTGCGAGTCAACCCTTGAGCCTTCTTCCCTTTGCTCAAGCATATTAAACGCGACATTTTGTCGCCAAAGGAGAGTATTTTG"
"CP000114.1/925396-925509","TGTGATATACTTAGTAAGTTGTTTTACACAACCCTTGATGCTTAGTTCCCTTTCATCAAGCATATTACAAACGTTAGAAGTGTTAACTATCTAAACGTTAAAGGAGAAATTATG"
"CP001033.1/966317-966413","TGTGCTATACTAGTAAGGTTGAATGAATCAACCCTTGGTGCTTAGCTTCTTTCACCAAGCATATTACACGCGGATAACCGCCAAAGGAGAAAAGATG"
"CP000003.1/587341-587456","TATGGTACAATGTAACCGTTGCTTTGCAACCCTTGGTGCTTAGTTCCCTTTCACCAAGCATATTAGAAACGTAGATAGCTTTTGAGAGTTATCCAGACGTTAAAGGAGAAAAAATG"
"CP000260.1/602445-602560","TATGGTACAATGTAACCGTTGCTTTGCAACCCTTGGTGCTTAGTTCCCTTTCACCAAGCATATTAGAAACGTAGATAGCTTTTGAGAGTTATCCAGACGTTAAAGGAGAAAAAATG"
"AM406671.1/1746216-1746111","TCTGCTAAAATAAAAACGTTGCTCAATAGTGAGTTAACCCTTGAGCCTTCATCCCTTTGCTCAAGCATATTATAGGCGAATTTTGTCGCCAAAGGAGAACCTTTTG"
"FQ312029.1/941296-941392","TGTGCTATACTAGTAAGGTTGAATGAATCAACCCTTGGTGCTTAGCTTCTTTCACCAAGCATATTACACGCGGGCAACCGCCAAAGGAGAAAAGATG"
"AAJR01000052.1/12937-13050","TGTGATATACTTAGTAAGTTGTTTTACACAACCCTTGATGCTTAGTTCCCTTTCATCAAGCATATTACAAACGTTAGAAGTGTTAACTGTCTAAACGTTAAAGGAGAAATTATG"
"FQ312042.1/2132413-2132509","TGTGCTATACTAGTAGGGTTGAATAAAGCAACCCTTGGTGCTTAGCTTCTTTCACCAAGCATATTACACGCGGGCAACCGCCAAAGGAGAAAAGATG"
"</body></html>",
