Sequence,Type,A,T,G,C,AA,AC,AG,AU,CA,CC,CG,CU,GA,GC,GG,GU,UA,UC,UG,UU
AAGGGTTCTCAGGGCGGGGTGAAATTCCCCACCGGCGGTATCCGGCAATGCCGGGAGCCCGCGAGCGCTTTCACCCCTGGTGAAAGGCAGCAGATCCGGTGCGATGCCGGAGCCGACGGTTAGAGTCCGGATGAAAGAGAGCATCG,0,31,22,53,40,5,3,13,0,7,12,15,0,13,14,14,0,0,0,0,0
ATCTATCTTCGGGGCAGGGTGCAATTCCCGACCGGCGGTGATGAGACATTCTCAAAGCCCGCGAGCCTAATCTACATGATTTAGGCAGGATTTGGTGAGATTCCAAAGCCGACAGTATAGTCTGGATGGGAGAAGATGGAG,0,37,32,43,29,5,4,13,0,8,6,7,0,15,8,11,0,0,0,0,0
GTAACCCTTCGGGGTGAGGTGTAATTCCTCGATCGGTGGTAAAGCCCACGCGTTCCCCGCCACAGGCGGGAAACTGAACTGGTGAAATTCCAGTGCCGACGGTTAAAGTCCGGATGAGAGAAGGGAAAA,0,34,24,41,30,10,6,8,0,4,9,10,0,11,5,11,0,0,0,0,0
AGTTGTCTTCGGGGCAGGGTGAAAATCCCGACCGGCGGTGCAAGTCCGCGAGCCACGCGAGTGGTTGAATGCTGTAAAGCTACCGATAGTTATAGTCTAGATGGGAGAAGGCAGAC,0,29,23,40,24,6,4,12,0,4,5,9,0,10,9,8,0,0,0,0,0
GATTTTCTTCAGGGCAGGGTGTAATTCCCGACCGGCGGTATAGTCCGCGAGCGAATAGATATTTGCTGACATGGTGTAATTCCATGACCGACAGTATAGTCTGGAAGGAAGAAGAAAAAC,0,35,29,34,22,8,5,10,0,5,5,7,0,12,5,7,0,0,0,0,0
TCGTTCCACTAGGGGTGCCGAGAGGCTGAGAGGGGAGCGATCCCCAACCCTTAGGACCTGATCCGGGTCATACCGGCGGAGAGCAACGTGGAACAGGAACCTG,1,24,15,36,28,4,7,10,0,5,9,7,0,12,5,11,0,0,0,0,0
TGCTGTCACCAGGGGTGTCCCCATACGCGGGGGCTGAGAGGGCCGAGCACAGCGGCCTGACCCTAGGAACCTGATCTGGTTCACACCAGCGGAGGGAGCGTGACAGGCGCAACTG,1,23,16,42,34,2,9,10,0,10,8,7,0,9,11,11,0,0,0,0,0
CTTCATTCCGAGGGGGGCATCGTACGATGCTGAGATGGCGTTGAGCCAAGACCCTTGAACCTGATCCGGATTATGCCGGCGTAGGAACGGGAATTGAGCAGTCT,1,23,23,34,24,4,4,7,0,4,6,8,0,12,7,8,0,0,0,0,0
TCAGACTCAACGGGGTGCAGTCACGAGCTGCTGAGAGACACCCGTAGAACCTGATCCGGTTAATACCGGCGGAGGGATTTGAGCGAACCTTTCTC,1,23,19,28,25,4,8,8,0,5,5,7,0,11,5,6,0,0,0,0,0
TCATTTCGCTAGGGGTCCTGGAGCAGTCATCCGGGTGAGAGATACCCTTCGTACCTGATCTGGATAATGCCAGCGAAGGAAAGCGCAAAGTACCTCCC,1,24,21,27,26,4,3,9,0,5,7,5,0,8,6,6,0,0,0,0,0
ATCTTATCGAGATTGACTGAGGGACTGGCCCTGAGACGTCAAAGCAGCAGACCGCAATGCGGCACTGTGCTAATTCCTTGTACCGCGCGTACAGAGATAAGAG,2,28,21,29,25,4,7,10,0,6,4,7,0,11,9,3,0,0,0,0,0
CTCTTATCAAGAGAGGTGGAGGGATGTGCCCAATGAAACCCGGCAACCGTCAGCGGATCCGCTGAAATGGTGCCAATTCACACAAAGCGTCTGCTTTGAGAGATAAGAG,2,32,21,31,25,8,4,10,0,8,5,5,0,11,7,6,0,0,0,0,0
TGCTTATTGAGAAAGACGGAGGGATTAGACCCTGCGAAGTCTTGGCAACCTGTGCTTACAAGGTGCTACATTCTACCTGATTCAATATCGGGAAAGATAAGCA,2,31,26,26,20,7,6,8,0,5,3,3,0,10,6,5,0,0,0,0,0
CCCTTATTCAGAGTGATGGAGATACATAGGATCTGTGAAGTCACGGCAACCCCTTACAAAAGGAAGGTGCCAACCTGAGCGAAGTAGTCGAACAATAAGAG,2,35,19,26,21,10,6,12,0,7,5,3,0,11,3,5,0,0,0,0,0
CAACCATCCAGAGCGGCCGAGAGATCTGGCTCGATGACGCCGCAGCAACCCCTCCCCTTCATTGGGCGGTAGGTGCTCACGCCAGAACCGATGGAGA,2,22,14,28,33,3,5,8,0,8,10,8,0,10,9,6,0,0,0,0,0