sequence,target
CATCCCGAGGAGCGCTGCGAGGAGCGGTTCAGCAACCGCATCCCCAGGCTCGGGAGGCGTGGAGACGCAAAGTCTGCGACACAACGGCGCTCACCTGAC,15
GCCGCCGAGGGGCGCTGCAAGTCCGTTCGCTGGGTCATCGCGAAGCGGAATCAGGCTCGGCGGAATCGGGTTCCATTCCGACACCGCGCCCGCCCAAA,15
CAACTCAAGGAGCGTTGCAGCGGCCGTCATATCGGCCGTCAGGCTTGAGCAAACCCGCAACGGCGCTCACCTCGG,15
CTGTCCGAGGGGCGCTGCAGCAGGTTTACCCTGTCAGGCTCGGATGGGGCGTTGCTCGCCAGCCTCCGGCTGCGGGCTTTATAGGTGTAAACCTGAACGCACAACGGCGCCCATTCATA,15
TTTTCCGAGGAGCGTTGCGACGGACCGCCTGTGTCCGCCAGGCTCGGAAAGCTTCACCAAGCAGCCGTGCGGCGAAATTCGCGCCGGCTCCGCTTCCTGAACGGCGCTCACGTCAC,15
CCAGTCGAGGGGCGCTGCAGCAGGTCAACACCTGTCAGGCTCGACCGGGGCGTTTGTCTAGAACGCATCAACGGCGCCCATTCGCA,15
CGTTCCGAGGAGCGCTGCGACGGACTTGATTCGCCAGGCTCGGAGATCCCCAACCGCGCTCACGTTAC,15
CTGTCTGAGGAGCGCTGCAACGGATCACCGAATCCGCCAGGCTCAGACACCTCCTAAAACGGCGCTCGCTGTAC,15
TGGCCCGAGGAGCGTTGCAGCGCGGCACCCGCCCATCCGTACACCGGATCGCGTGCCGCGTCAGGCTTGGGCCAGGTGCAGGTTCCCGGCCGGACCGCGCCCACGGTGCCAACGACGCTCACCTGTT,15
GCTCTCAAGGAGCGCTGCAGCACCCGCCCGATACGGGCCGGTGTCAGGCTTGAGTCACAGGCATCGCACAGATACCTGCCGGTTTCTCCGGCTTCCAACGGCGCTCACCAGCT,15
GTCTTCGAGGAGCGTTGCGACGGGTACCGCGAATCCGCATATTCGCCGGCCGCCCGCCAGGCTCGAAGGCTTCAATCGGAGGGCCCGGATGCGCAAAAGCGCTGTCCTATCCACCGCATCGAACCGCGCTCACGTCAA,15
ACCTCCGAGGAGCGCTGCGAGGCGCCGGGCTGTCCAGCCCAGGCCCCCAGGCTCGGACCCCGCCGCCACGGTGGGTTGCAGTTCAACGGCGCTCACCCTGC,15
GCTTCCGAGGAGCGTTGCAACCTCAGCACCTTTGAGGCCAGGCTCGGAACCTATCCCACTGCAACTGCGCTCACCCGCT,15
TATGCCAAGGGGCGTTGCATTGGAAAAATCTTTTTCAATCAGGCTTGGCAAATCAAAACGGCGCTCATCTTTT,15
CCTTCCGAGGGGCGCTGCAGCAGGCCGGCCATCGGCCTGTCAGGCTCGGAAGGGGCGTTTTCCGAACGCATCAACGGCGCCCATTCGCA,15
CCGACCGAGGAGCGCTGCAATCCGCCCATCGCGGATCAGGCTCGGCCGGGACGCGGCGGCCGAGGCATTCGCCCCGGCCACCCGATCAACGGCGCTCTTGAGAA,15
GCTTCCGAGGAGCGTTGCGACGGGCAATCCGCAAGACGGGCAATCCGCAAGACACCCGCCAGGCTCGGAAGCATTCAATCCGGACGGTTCGAACGTGCTTTTAGTCATGAAAGGCGCCCGCTGAGCCACCGCATTCGAACGGCGCTCACGTCAA,15
CTCGCCGAGGAGCGCTGCAACAGGACACGTCTTGGATTCCTGCCAGGCTCGGCGATTATCGGGACCTTTAAACCAACGGCGCTCGGTTCAG,15
CATTCCGAGGAGCGTTGCAGCTCACGCCAAGGGTTTCACCCGGCGCTGAGTGAGGCTTGGAACCCGCTGTGGCGATGCCCGGCGTTTCACAACGGCGCTCACCCACA,15
GTCTTCGAGGAGCGTTGCGACGGGCAAACGGCTGAAAAACACCGCCCGCCAGGCTCGAAGGCTTTCAATTCGGAAGAAGTGTATGAGTGGATGCGTGCCGCCCCACCACTCTCCCGCATCGAACGGCGCTCACGTCAA,15
TTAGCTGAGGAGCGCTGCGATCTCTTTGAGACCAGGCTCAGCTAAGACACAACGGCGCTCGCAATCG,15
GTCTTCGAGGAGCGTTGCGACGGGTACCGCGAATCAGCATATTCGCCGGCCGCCCGCCAGGCTCGGAGGCTTCAATCGGAGGGCTCGGACGCGCATAGCGCTTTCCCAGCCACCGCATCGAACCGCGCTCACGTCAA,15
CTGAATAAGGAACGCTGCAACAGGGTTTCCCTGCTAGGCTTATTCACTATATATACTTAAACCGCGTTCATTATTA,15
TTGAATAAGGAACGCTGCGACAGACACCGATTCTGCTAGGCTTATTCAATGATGTAGCATAAAACGGCGTTCATTATTA,15
TTGAATAAGGAACGCTGCGACAGGATCTTCCTGCTAGGCTTATTCAAGCAGTCAAATTTTAACTGCGTTCATTATTA,15
TTTTCCGAGGAGCGTTGCGACGGACCGTTCTGCGTCCGCCAGGCTCGGAAGGCTTCACCAGGCGCCGGCGCGGCATTGTCCGTCGGCTTCGCCTCCTGAACGGCGCTCACGTCAC,15
GTTGCCGAGGAGCGTTGCGACCCTGGCCATCGGAGCCCGGGCCAGGCTCGGCGGCGGGGTCGACACGACAACGGCGCTCACTCACG,15
CATTCCGAGGAGCGCTGCGAGAGAAAAACTCCCAGGCTCGGAAAATGTTTTAACGGCGCTCACCATAT,15
TTCTCCGAGGAGCGTTGCGACGAATCGCCCGATTCGCCAGGCTCGGATACTTCTGCAACCGCGCTCACGTTAC,15
TGTTTCGAGGAGCGTTGCAGCACCGAGCCCCATGCGGCGGCGGTGTGAGGCTCGAAACCGGTCACGGCACCCGCGCCGTTGGCCCACCCGCAACGACGCTCACCCACT,15
GCTACCGAGGGGTGCTGCAGCGGATCCCGGTCCGCCACGCTTGGTAGGCGATTCCTCGCAAGGGCGCCCTTTCCAT,15
GTTTCCGAGGAGCGTTGCGACGGGCAATCTGAAAGCCGCCCGCCAGGCTCGGAGACATTCAATCCGGACGGTTCGAACGCGCTTTTAGTTATGAAAGGCGCTCGCTGAGCCACCGCATTCGAACGGCGCTCACGTCAA,15
CTGTCCGAGGGGCGCTGCAGCAGGTTCGACCTGTCAGGCTCGGATGGGGCGTTGTCTGGCCGTGATGGTTCGGTCAGTCACTAAACGCACAACGGCGCCCATTCGCA,15
CCCCCCGAGGAGCGTTGCAGCGCCCGCCCCGTCCCGTGTTCCGCCGGACGCGGCGGCGTCAGGCTCGGGCTGGAGCTGGCACCGCCCCCCAACGACGCTCACCTGTT,15
TGGTACCGAGGAGCGCTGCAGCGGTCAATTCCGTGAGGCTCGTACCAATGGACAACCCAACAACGGCGCTCTTTCACT,15
TCTGCCGAGGAGCGCTGCGACCCTTTAATTCGGGGGCCAGGCTCGGCAATGATCAACGGCGCTCGCAAACC,15
AATCCTGAGGAGCGTTGCGACGACCCTGCGGTTCCCGCCAGCTTGTACGGCTGCGGAACCAGGCTCGCCAGGCTCAGGAATCCTTGTTCAAGCGGCGCGCTTTGCGCGGCGCTACAGCAACGGCGCTCACCTTTG,15
CCTGCCGAGGGGTGCTGCGACGGACGGCCCTGGAGCCTCCGCCACGCTCGGTGGGAACGCTGGTTCAAGGGCGCCCTTTGTGA,15
CCTCTCAAGGAGCGTTGCAGCGCCGGCGGGCTTTCACAGCCCCCACCGTGCGTCAGGCTTGAGTGGGCATGAACAGGCCCAAAACGGCGCTCACCAGTC,15
TTGAATAAGGAACGCTGCGACAGGGTCCCCCTGCTAGGCTTATTCAAGGTTTACCATTTAACCGCGTTCATTATTA,15
CGGGTCGAGGGGCGCTGCGACGGATGTTTCATCCGCCACGCTCGGCCTGTCCCTGGTCGCAAGGGCGCCTCCCGCCG,15
CCTGCCGAGGAGCGCTGCGACCCGAAATCACGCCGGGCCAGGCTCGGCAACCGAACAACGGCGCTCGCAAACC,15
GTCTTCGAGGAGCGTTGCGACGGGTTCCGCCCGCCAGGCTCGAAGGCTTTCAATCGGAAGGATTGGACGCGCGCCGCGCTTACAAACCAACCGCATCGAACGGCGCTCACGTCAC,15
CTCGCCGAGGGGCGCTGCGACCGTGTACGGCCCGCCACGGGTCACGGCCAGGCTCGGCGCGGTGCCCCGAGAACGGCGCCCGTAATCG,15
CGGGCCGAGAGGCGCTGCGACGGGGTTCCCCCGCCACGCTCGGCCCGCGGGACTTCGGACGAAGGGCGCCTCCTGGTT,15
CGGGTCGAGGGGCGCTGCAGTCGTCATGCCTCCTGCGCTGATCCGGCCGGATGATTTCCCGGCCGGGAAGGCGGCGGGGTGACGATCAGGCTCGGCCTATGCTTCCCATCTGTGAAACCGCGCTCGCTTTCA,15
CTTGCCGAGGAGCGTTGCGACCCGATATCTGCGGGCCAGGCTCGGCAACCGAACAACGGCGCTCGCAAACC,15
CAATCCGAGGAGCGCTGCAGGGCCGTCGATCGACGGTTTCAGGCTCGGATTCCTTAAACGGCGCTCATCCGAC,15
CGCCTCAAGGAGCGCTGCAGCAGCGCGCGAGCCAGTGATTGGCTGCGCTGTCAGGCTTGGGGCCTGCGGCTGTTGTGCAGCAGCCGCCACTGCAACGGCGTTCACCTGTT,15
ACTTTCGAGGAGCGTTGCAACTCCCGCCCGGGAGCCAGGCTCGAAAGTCATCCCCCGATGCAACGGCGCTCACCCGCA,15
GTCTTCGAGGAGCGTTGCGACGGGTACCGCGAATCCGCATTCGCCGGCCGCCCGCCAGGCTCGAAGGCTTCAATCGGCAGCATGGAACGCGCATCGCGCGATTCCGAACGCTGCCTCAAACCGCGCTCACGTCAC,15
CAGGTCGAGAGGCGCTGCAACGGGCCGGAGGCCCGCCACGCTCGACCCGATGTTCAGACCGCAAGGGCGCCTCCGGAGA,15
TTGCCCAAGGAGCGTTGCAGCGGCCCCACCGCCATGGTGAAGCCGTCAGGCTTGGGCACTCCACAAGCTTTTCAAGCCCCACCGCAACGACGCTCACCTGTT,15
TTCCTCAAGGAGCGCTGCAGCGACCGGGCATGAGGCCCGGCGTCAGGCTTGAGATTTCCAACCGCGCTCACCTGCA,15
CGGCCCGAGGGGTGCTGCGACGGAGCCACGCTCCGCCACGCTCGGTCCGCGATGCCGAGCAAGGGCGCCCTCCCGCA,15
CATTGCGAGGAGCGCAGCGACGAAGCAATCTCAATCCTCAGCACGGGAGATTGCTTCGCTACGCTCGCAATGACATACATCGCTCAACGAATCTCACTTCTT,15
CCTGCCGAGGAGCGCTGCGACCCGACCGGTTTTTTCCGGACTCCGGGCCAGGCTCGGCAACGATCAACGGCGCTCGCAAACC,15
CCTGCCGAGGAGCGCTGCGAGACTTCCGTCCCAGGCTCGGCCCTTCAAAAACTGCGCTCACCTTAA,15
CTTCCCAAGGAGCGTTGCAGCGGTTCGCCACAGAGGCGAATCGTCAGGCTTGGGGCGACAACGACGCTCGCCTGTT,15
CATTCCGAGGAGCGTTGCAGTTCACATCCCGTTGAACGAGGCTCGGACCCGTGGAAGGGCACCGCCCCCTCCACCGCATCAACGGCGCTCACCCACG,15
TCCGCCGAGGGGCGCTGCGACCGTGTCGATGCGGGGTTCCCCGCCTGCAGACCCGGCCAGGCTCGGCGGCAGGCTTGAGCGACAACGGCGCCCGGACCTT,15
CCGCCCGAGGAGCGCTGCGACGCCGTGAGACCACGTTTCACTGCGCCAGGCTCGAGCTGACGGACTTTTCCTGCAACGGCGCTCGGACCTT,15
CTTTCCGAGGAGCGTTGCAGCGCCCCCAGCACGGCGGGGCGCGAGGCTCGGAATCCCACTTCTGCAACGACGCTCGCCCACG,15
CGTTCCGAGGAGCGCTGCGACCGCGAGCATGGCCATCCGTGCGCTGCGGCCAGGCTCGGAGCGGCTTCCGCCCGGTTCGGCTCGGAGATTTCCCGGCCTCGGTACGCGGGAGTGGGCAACGGCGCTCGCGAACC,15
GAGGCCGAGAAGCGCTGCAACGGGCTCCAGACCCGCCACGCTCGGCCTTGTACGACCATGAACAAGGGCGCTTCCGACTT,15
CCGTCCGAGGGGCGCTGCAGCAGGCTCGACCTGTCAGGCTCGGATGGGGCGTTGTCCTTACAGGTCTTGCCTGGGGACGCCAAACGCACACAACGGCGCCCATTCGAA,15
CCCTCCGAGGGGTGCTGCAGCGGGGCTGGACACAGTCCCCCGTCAGGCTCGGAGTCAGTGGTTCAACGATGCAACCGCACCCATTCATT,15
CGCTTCCGAGGAGCGTTGCGACGGTTTCCGCTGCAGGAAATCGCCAGGCTCGGAGCATTCAATCCGGACGGTTCGAAAGCGCGATCAGCGCACTCTGAGCCGCCGCATCGAACGGCGCTCACGTCAA,15
ACCCTTGAGGAGCGTTGCGACGGGAACACCCGCCAGGCTCAAGCAGTGGTCACAGTTAACGACGCTCAGTCATT,15
CAATCCAAGGAGCGTTGCAGCAGCACGGACCGTGTTGTCAGGCTTGGATGTCCCAACGACGCTCACCTGCC,15
AACTTCGAGGAACGCTGCAGCGGAATATCCGTCAGGCTCGAAGATAACTACTTGCCACCTAACGGCGTTCACTCTTT,15
CCTTCCGAGGGGCGCTGCAGCAGGCCTGCCAACGGCCTGTCAGGCTCGGAAGGGGCGTTTTCCGAACGCATCAACGGCGCCCATTCGCA,15
CCGTCCGAGGGGCGCTGCGACCGCCGTGTGGTGTCCCCCGCAAGGGCTGGGCCGGCACGGCGGCCAGGCTCGGACGGCATCGCATGCAACAACGGCGCCCGGCGAAC,15
CGATCCGAGGAGCGTTGCAGCGTCCCCAGCACAGGCGGGGCGTGAGGCTCGGAGTCATCCAGCAACGACGCTCAACCACT,15
CCATCCGAGGAGCGTTGCAGCACCCATGCGGTGTGAGGCTCGGAACCTACAGCAACGACGCTCACCCACT,15
CATTGCGAGGAGCGAAGCGACGAAGCAATCCCGCAGGGGCAGATTCTACCTGACCTGGATTGCTTCGCCACGCTCGCAACGACGGCTCAGGCGACGGCGCTCAAACCCC,15
TCCGTCGAGGGGCGCTGCAGCAGTCACCGCAAGGTGGGTCTGTCAGGCTCGATGGGTGGTTCAACAGGCAGCAACGGCGCCCATTCATT,15
CCCTCCGAGGGGTGCTGCAGCGGGTCTGGGCAACCAGCCCCCCGTCAGGCTCGGAGCCAGTGGTTCAACGTTTCAACTGCACCCATTCATT,15
CACTCCGAGGAGCGTTGCAACGGATCGTGGCGTAACATGCCCTCCGCCAGGCTCGGACTGTCTTCAACGGCGCTCGCTGATC,15
CTGTCCGAGGGGCGCTGCAGCAGGTTTTCCTGTCAGGCTCGGATGGGGCGTTGTTCGATCGGGTTGTCCCTGTCGAACCTTAAACGCACAACGGCGCCCATTCGCA,15
CAGGTCGAGGGGCGCTGCAACGGACGGGTTCCGCAACGGGCCAAGGTCCGCCACGCTCGGCTGGAACCTCTCCGTAAGGGCGCCTCCCCCAA,15
CTGTCCGAGGGGCGCTGCAGCAGGTTTTCCCTGTCAGGCTCGGATGGGGCGTTGTTTGCCAGGACGATCCTCGACCGGCAAACCTTAAACGCACAACGGCGCCCATTCGCA,15
ATTCCTGAGGAGCGCTGCGACGACTTCCTCCGCGGCGCATGCGCCGCGCGGTTCGCCAGGCTCAGGAAACCTTGTTCAGGCGTTGCTCCGTGCAGCGCCACAGCAACGGCGCTCACCTCTG,15
CCGTCCGAGGGGCGCTGCAGCAGGCTAGGCCTGTCAGGCTCGGATGGGGCGTTGCTCGCTATCGCGGGCGCTTAACGCACAACGGCGCCCATTCGCA,15
CCCTCCGAGGGGTGCTGCAGCGGGTTTGATTGCCATTCCCCCGTCAGGCTCGGAGCCGCAACCGTTTCAACGGCACCCATTCATT,15
CTCTCCGAGGAGCGTTGCGACAGGGATGCCCTGCCAGGCTCGGACAGAACGTCAGTCAAACAACGGCGCTCCAATCAT,15
ATTTCCGAGGAGCGTTGCAGCACCCCAAGCCGGGTGCGAGGCTCGGAAATCCTTTCCTCTGCAACGACGCTCACCCACG,15
GTTCCCGAGGAGCGTTGCGACGGCCACCGCCAGGTGCGCTGCCAGGCTCGGGGCCCGGCCCGGAGCAGCCTGCTTCGCCCCGCCGGATGCAACGGCGCTCACTCCCC,15
CCATCCGAGGGGCGCTGCAGCAGGGCGAATGCCTGTTTTGAATCTCGCAAGCCACGCGGCTTACCGGCCGCGCCGCAGCAGATCGAATCCGGTTTCACCTGTCAGGCTCGGATGGGGCGTTTCTAGAACGCATCAACGGCGCCCATTCGCA,15
AATTCCGAGGAGCGTTGCGACGAGATTCCCCATCTCGCCAGGCTCGGATATCAACACTGCGCTCACGTTAC,15
CCCTTCGAGGAGCGTTGCGACGGGCAAAGGCCCGCCAGGCTCGAAGGGGAGTTTCTTAACTTAGCAACGGCGCTCAACACAA,15
CGCTCCAAGGAGCGTTGCAGCGCCCCGACACGCGGGCGTCAGGCTTGGATGTATGCAACGACGCTCGCCCGTG,15
CTCACCGAGGAGCGTTGCGACCGTGGCAGCTTCCTGTCCCCGGCCAGGCTCGGTGTGGCGGCCTTGTGCAACGGCGCTCGATCATG,15
CCCTCCGAGGGGTGCTGCAGCGGTTCGATAGTCTTAAATTCCCGCCAGGCTCGGATGTCCAAACGGCACCCATTCATT,15
GTTTCCGAGGAGCGTTGCGACGGGCACGGCCCGCCAGGCTCGGAAACGGTCAACCAGGCGGCTTGGCATCGTCATTGTCAGCCGCTTACTTGAACGGCGCTCACGTCAC,15
CGTGCCGAGGAGCGCTGCGACGGACTTTCCGCCAGGCTCGGCACGGGCGTTGTTTCAACGGCGCTCGTTGACT,15
CGCTCCGAGGAGCGTTGCAGCGCCGTCAAGCGTGAGGCTCGGACCACATCGCAACCACGCTCACCCGCT,15
CAGGCCGAGAGGCGCTGCAACGGACACCGGCGTGTCCGCCACGCTCGGCCTGAACCACGACTGCAAGGGCGCCTCCTATGA,15
CCCTCCAAGGAGCGTTGCGACGGGGGCCGATCGGCCGCTGCCAGGCTTGGACGCTTGCAACCACGCTCACCCCCG,15
CTGTCCGAGGGGCGCTGCAGCAGGGATTCCTGTCAGGCTCGGATGGGGCGTTGCCCGCACGGTTGGTCCGTACGGGCTCTAAACGCACAACGGCGCCCATTCGCA,15
GAATCCGAGGAGCGCTGCAGCTTTGATATTTTCAATGTGAGGCTCGGACTGTAAACGGCGCTCACCCATG,15
TCCGCCGAGAGGCGCTGCAACGGACAACGACGTCCGCCACGCTCGGCCGGGCTCACGACGACTCAAGGGCGCCTCCTGATG,15
TCCACCGAGGGGCGCTGCGACCGCGACATAGAACGCGGCCAGGCTCGGTGGAATCCACGCATCAACGGCGCCCGGTTGCT,15
GGTTCCGAGGAGCGTTGCAGCGTCCCCAGCTACCGGCGGGGCGTGAGGCTCGGAACCCATTCTTGCAACGACGCTCACCCACG,15
CCTGCCGAGGAGCGCTGCGACCCTGTGTGATTCCCGGGGCCAGGCTCGGCAACCGTTCAACGGCGCTCACAAACC,15
GTCTTCGAGGAGCGTTGCGACGGATGTCACCCATCCGCCAGGCTCGAAGGCGCTCAATACGGCCAGTTCGCGGTTTTCATGCCACGAACGCACCGCACTGAAAAACGGCGCTCACGTCTT,15
GGTTCTGAGGAGCGCTGCGACGGTTCACCCGCCAGGCTCAGGACGCTTCCTTTCAACGGCGCTCACGTTTT,15
GACTTCGAGGAGCGCTGCGAGGCCGGACCCGGCCCCAGGCTCGAAGCGGAATCACCCAACGGCGCTCACCTGTA,15
GTCTTCGAGGAGCGTTGCGACGGGTACCGCGAATCTGCATTCGCCGGCCGCCCGCCAGGCTCGAAGGCTTCAATCGGAAGGGTCGGATGCGCATCGCGCGTTCCGATCCACCGCATCGAACCGCGCTCACGTCAA,15
CATTCCGAGGAGCGTTGCAGCGGCCCCCATTCTGTTGACAGACATGGCGAGGACGTGAGGCTCGGAACCCTACTTTGCAACGACGCTCATCCACT,15
CTTCCCGAGGAGCGTTGCGACGGTCGTTCGACCGCCAGGCTCGGGGCCCCGCGCCGCGTGAGCACGCTGCCGCGCGGGATCGAGAACGGCGCTCGCCTCCC,15
GGTTCCGAGGAGCGTTGCAGCGCCCCCAGCATTGGCGGGGCGTGAGGCTCGGAGTCATAAGCAACGACGCTCATCCACT,15
GCTTCCAAGGAGCGTTGCAGCGGGCCACACAGTGTCCGTCAGGCTTGGATGGCGTTTAACCGACCGCAACGACGCTCACCTGAA,15
CCTACCGAGGAGCGTTGCAGCGCCCTGATTCCCTGTCGCCCAGGGGGCAGCAGGACGCGAGGCTCGGGTCATCATTTTGCAACGACGCTCGCCCACG,15
CTGTCCGAGGGGCGCTGCAGCAGGCTAGGCCTGTCAGGCTCGGATGGGGCGTTGCTTGGCCATCACCGGCCAGACACTAAACGCACAACGGCGCCCATTCGCA,15
CATTCCGAGGAGCGTTGCAGCCCAGGCGCAAAGCCTGGGCGAGGCTCGGATTTCCCCTTCCCCCCTCGTGGCGGGGCGGGCACAAACAACGGCGCTCACCCACC,15
CCACCCGAGGAGCGTTGCGACGGCCCCGGCAGGACGCACCCCGTCCCGCCGCGAACCGCCAGGCTCGGGTCGTCCATCCAACAGCGCTCACCCGAC,15
TTGAATAAGGAACGCTGCGACAGAGAGCACTCTGCTAGGCTTATTCAATTTTACATTCCAAACGGCGTTCATTATTA,15
GCTTCCGAGGAGCGTTGCGACGGTCAGACATCATTGATCGCCAGGCTCGGCAGCATTCAATCCGGACGGTTCGAAGGCACATAAAACAGCCCGCTGAGCCACCGCATCGAACGGCGCTCACGTCAA,15
ATCCCTGAGGAGCGCTGCGACGAAAGCCGGACACGACGGCTCGCCAGGCTCAGGAATCCTTGTCCAGGCGCCGCGTCTCGCGCGGCGCCTATGCAACGGCGCTCACCTTAG,15
TCCAACGAGGAGCGTTGCAGCCCCGCCACTTGACCCAAGCCCTCGACACTTATGTCGGGCAGCTGGGATCGGTGAAGCGGCGGGGTCAGGCTCGATGGAAGCGGGTAAATATGCAACGGCGCTCGCTTATT,15
CATTCCGAGGAGCGTTGCAACGGGTGGGCACTGCCCCAACCGCCAGGCTCGGAAGTTCAAACGGCGCTCGCAGTAT,15
TCGTCCAAGGAGCGTTGCAGCGGCATGTGCCGTCAGGCTTGGACCGTGCCCCCGAACCGCAACGACGCTCACCTGTT,15
CCGACCGAGGAGCGTTGCGACCCGCAAGGGCCAGGCTCGGCAGGCAACAACGGCGCTCTCAAACC,15
CTCCAAGGAGCGTTGCAGCACGGTTTTCATGACCGTGTCAGGCTTGGATTCTTTTTCGCAACGGCGCTCACGTTAC,15
GCCGCCGGGGAGCGTTGCAACAGGGCATATCCCCTGCCAGGCCTGGCGGCGCGGCCATTCATCCATTGCAACGGCGCTCGCGAACG,15
CTGTCCGAGGGGCGCTGCAGCAAGCATTGGCTTGTCAGGCTCGGATGGGGCGTTTAGCAAACGCATCAACGGCGCCCACTCGAC,15
CTCACCGAGGAGCGCTGCAACAGGCTTGACCTGCCAGGCTCGGGAGGCTATCCAAACATTTTGCAACGGCGCTCAGTTTTT,15
CCCGTCGAGGGGCGCTGCGACCACAGGCAGGCGGAATACCGCCATTCCGTCCGGTTATCCGAACCGGGAAGCACCGGTGGCCAGGCTCGACGCGGCAGGTTCGAAAACGGCGCCCGGTTGCT,15
CTATCCGAGAGGCGCTGCAACGGACAGCGAAGTCCGCCACGCTCGGGTGCGGTGTTGTTGACGTAAGGGCGCCTCCTGATG,15
GCTTTCGAGGGGCGCTGCGACCAGGACAGCCTGGCCAGGCTCGGAAGCACACCTTGTGCGTGGAACTGCGCCCTTCGTTT,15
CAGCCTGAGGAGCGCTGCAACGGTTAGCCTGTTTAATCGGCTAACCGCTAGGCTCAGGCAATCACTCAATGATTAACTGCGCTCATTCAAT,15
GTTTCCAAGGAGCGTTGCGACAGGCATCGGCCTGCCAGGCTTGGAAATCTTCACCGCGCGGCATTCGCCCCGCCGGCGCCGGGTCTGC,15
CCCGCCGAGGAGCGTTGCGACGGCTGATCTGCCGCCAGGCTCGTCGGGCTTTCCCTTTGGAAAACGACGCTCGCCGCTT,15
GCTGACGAGGGGCGTTGCGACAGATTGATTATCTGCCAGGCTCGTCAGCACTAAACCATCTTATTATCCTAACGGCGCTCACCATAT,15
CACCCCGAGGAGCGCTGCAGCCGGTCATCCCAGAGATGTTTGACCCGTCAGGCTCGGGGTCGCAGATCTGGTTGACGATCTGCTGGCACTCACAACGGCGCTCACCTGTT,15
CATTCCGGGGAGCGCTGCGAGGCAACCGCCCCAGGCCCGGACCGCATCAACGGCGCTCACCTCGC,15
GTCTTCGAGGAGCGTTGCGACGGGTACCGCGAATCAGCATATTCGCCGGCTGCCCGCCAGGCTCGAAGGCTTCAATCGGAGGGCCCGGATGCGCATAGCGCTTTCCCATCCACCGCATCGAACCGCGCTCACGTCAA,15
TTCGTCGAGGGGCGCTGCGACCGTGTCGAGACCGGGACTCCCGTGCTGCAGACCCGGCCAGGCTCGGCGGACGGCATCAGCGACAACGGCGCCCGGACTTC,15
GGTTCTGAGGAGCGCTGCGACGGGTCACCCGCCAGGCTCAGAACGCTTCCTTTCAACGGCGCTCACGTTTT,15
CCTACCGAGGGGCGCTGCAGCAGGGTTTCCCTGTCAGGCTCGGGGGAGCGTAGCCGCAGGCCTAGCCTGCACACGCATCAACGGCGCCCATTCGCA,15
ATAACCGAGGAACGTTGCGAGGTTACGTTAGTTTTGAAATATCAAAATGATGTAAACCCTAGGCTCGGTTAGCAATACTGGTGAAATTATCATCATTATTGTAAACGGCGTTCACCTAAC,15
AGGGTCGAGAGGCGCTGCGACGGACCTGGTCCGCCACGCTCGACCCCGTACCGGGCAAGAAGGGCGCCTCCGTGCG,15
TTCTTCGAGGAGCGTTGCGACAGAACATTCTGCCAGGCTCGGAGAAGGCACTTAGCAACAAACGGCGCTCGTTCATT,15
CCGTCCGAGGGGCGCTGCAGCAGGCTGAAAGACCGCCTGTCAGGCTCGGATGGGGCGTTACCCAAACGCATCAACGGCGCCCATTCGCA,15
TTTCCTGAGGAGCGCTGCGACGGGTAGCGCGCCGGCCGCTATGGCCCGCCCACCCGCTAGGCTCAGGAAGCGTTTCTCGATTGAACGGCGCTCATCATTT,15
ACCTTCAAGGAGCGCTGCAAGGAATGCTGAGAACCAGTATTGCCTCAGGCTTGAGGGGAGTAAATTTTGGGCACACCCCAATTTGCTAATTGCAACTGCGCTCGCTAACC,15
CTTCCGAGGAGCGCTGCAAGGGTAGTTTCCGCTTACCCCCCAGGCTCGGGCCATCTTCAAACTGCGCTCACCTAAC,15
ACTGCTGAGGAGCGCTGCATTCCTCGAAGGGATTGAACCCGCCGGCGGATCAGGCTCAGCTAAATACAACGGCGCTCGCATCGG,15
CCGTTCGAGGGGCGCTGCAGCAGGCTAGCGCCTGTTTCGGATCTTGTAGGCCGCAGAGTTTTTTCTGCGCCGCCCGAGCAGATCCGAATCAGGCTCCACCTGTCAGGCTCGAACGGAGCGCGCTCACAGGGCCGTTTCCCCGCCCTGTCAACGCACCAACGGCGCCCATTCGCA,15
TCCCCCGAGGAGCGTTGCAGCGGACAAGCCTGGCACCCAGATTGCCAGGCAACCATCCGTCAGGCTCGGGGCCGACCACCCCGCAACGACGCTCACCTGTT,15
TCATCCGAGGAGCGTTGCAGCGCCCCCAGCACAGCGGGGCGTGAGGCTCGGAACCCATCTTCGCAACGACGCTCATCCACT,15
TCTTCCAAGGAGCGTTGCAGCAAGCCACCCGGCTTGTCAGGCTTGGAATGGGTTTGACACCACCGCAACGACGCTCACCTGAC,15
CCCGCCGAGGGGCGCTGCGACCGTGACGGACACGGCCAGGCTCGGCGAGGCCCAGGTCCCAACGGCGCCCGGTTTGA,15
TCTGCCGAGGGGCGCTGCGACCGTCTATCAGGGACGGCCAGGCTTGGCAGGATCGATCGAGACCATGCACGGTCTCCATCCGCTTCAACGGCGCCCGGTTGCG,15
CCAGCCGAGAGGCGTTGCAACGGACCCGCGGTCCGCCACGCTCGGCGAAGCTCCAAGGACGCCTTCCGACA,15
CCCATCGAGGGGCGCTGCGACCGTGCACAGAGACGGCCAGGCTCGATGGACGCTTCCCGTTCCAACGGCGCCCGGATGGC,15
CAGACCGAGGAGCGCTGCAACGGGCATTGTCCCGCGAGGCTCGGCAAGGAAGGATCGCTACAACGGCGCTCGTTCATT,15
TTGCCCAAGGAGCGTTGCAGCGGCCCCACCGCCATGGTGAAGCCGTCAGGCTTGGGCACTCCACAAGCTTTTCAAGCCCCACCGCAACGACGCTCACCTGTT,15
CCTTCCGAGGAGCGCTGCGACCCTCTACGGAACCCGATCCAGCAAGCGAGCGAGCCAAAGCGGCTTGTTGCCGCCCGAAGCACAGGAAACGGAATGGACGTCCATGAGGACGACCCGAAGGTAGCCCCCTTGCGGGGTTCCGAGCATCGGACGGAAGCAAAACGCACAGGCGCAGCCGCTTGATGTACGGGTTCGGGGCCAGGCTCGGAACGAATCCAACGGCGCTCACCTGAC,15
CTTTCCGAGGAGCGTTGCAGCGCCCCCACCATGCGGGGCGTGAGGCTCGGAATTCGATCCAGGCAACGACGCTCACCCACT,15
CAGTCTGAGGAGCGCTGCAACGGGCCCTTCGGTCCGCCAGGCTCAGACACCTCCTAAAACGGCGCTCGCTGTAT,15
CTTTCCGAGGAGCGCTGCGAGGCGCCGGCCGCATCCGCTGCTGCCAGGCCCCCAGGCTCGGACCCCGCCCTGCGGCGGGTATCAGTACAACGGCGCTCACCTGCG,15
ATTCCTGAGGAGCGCTGCGACGACCCGGGCCGTGTCCACGGCATGCCGGTCGCCAGGCTCAGGAAATCCTTGTTCACGCGCCGCACATCGCGCGGCGCCGCAGCAACGGCGCTCACCTTTG,15
CATTCCGAGGAGCGTTGCAGCTCTCGCCAAGCGACAAGATGCTGGTGCAGAGTGAGGCTCGGAACCCGCTCGGGCCGCACGGCCTGGCGTTTCACAACGGCGCTCACCCACA,15
CATTCCGAGGAGCGCTGCGAGACCGCTGTCACCCCCGACACGCCGTCCTAGGCTCGGAATACGTCAAACCGCGCTCACCCCCT,15
CCATCCGAGGGGCGCTGCAGCAGACCCTGTACACCAGTGGTTTGTCAGGCTCGGATGGGGCGTTAACCATACGCATCAACGGCGCCCATTCGCA,15
CCCGCCGAGGGGCGCTGCGACCGTTGGCGTGAGGCAGATCCATCTGCAGCCCCACGCATCGGCCAGGCTCGGCGCGGCACGTTCCACAACGGCGCCCGGTTGTC,15
TATTACGAGGGGCGCTGCAGCAGAAGTTTCTGTCAGGCTCGTAATGGCACGCTGTAACGCTACAGCCTCGTTCAAACGGCGCCCATTCGCG,15
CCCGTCGAGGGGCGCTGCGACCGGAGCACTGGCGCGATGGCACATAGGCTTGTGCCCTCCGTGATCTCCGGCCAGGCTCGACGGATTTCCTCTGTAACGGCGCCCGGACAAC,15
TCCGTCGAGGGGCGCTGCGACCGTGGATGCACGGCCAGGCTCGGCGGAACGACCCTGCAACGGCGCTCGATGGTT,15
TTCGTCGAGGGGCGCTGCGACCTTGGCCGCCGGTGCGTTGCATCGCGGTTTTCGGGCCAGGCTCGACGAAACGTTCCGTGTAACGGCGCCCGGTCAAG,15
TTCCCCGAGGAGCGTTGCGACGGCGTGCGATCACGCTGCCAGGCTCGGGGCCACGCCACACATGTGGCGCTGCCAACGACGCTCACCCCCG,15
AAATCCGAGGAGCGTTGCAGCGCCCCCAGCAACAACAGCGGGGCGTGAGGCTCGGAGTCATCTAGCAACGACGCTCATCCACT,15
CCGTCCGAGGGGCGCTGCAGCAAACCCTGTGCAACAGGACTTTGTCAGGCTCGGATGGGGCGTTAACCATACGCATCAACGGCGCCCATTCGAC,15
ACTTCCGAGGAGCGTTGCAGCTCACACTGATGGCCCCATGCATCGTGCTGAGTGAGGCTCGGACCCCGCTGTTGTTCCTTTTGACGCAGCGTTTCACAACGGCGCTCACCCACG,15
CTGTCCGAGGGGCGCTGCAGCAGGTTTACCCTGTCAGGCTCGGATGGGGCGTTGTTTGTCAGGTTGATCACAACCGGCAAGCCTTAAACGCACAACGGCGCCCATTCGCA,15
GTATCTGAGGAGCGTTGCGACGGGAACAACCCGCCAGGCTCAGATAGTGGTTGCACATACCCGCTCAGTCATT,15
TTTTCCGAGGAGCGTTGCAGCGCCCACCAGCCAACTGGCTGGCAGCAGGCGTGAGGCTCGGAACCTTCAAACAGCAACGACGCTCATCCACT,15
CTTTCCGAGGAGCGTTGCAGTGCCCCCAGCATGGCGGGGCGCGAGGCTCGGAATCTCTTTCCTGCAACGACGCTCACCCACG,15
TTTTCCGAGGAGCGTTGCGACAGGTTAACCCTGCCAGGCTCGGTAAACGTTCATTTTCACAAACGGCGCTCGCTTATA,15
CTGTCCGAGGGGCGCTGCAGCAGGTTCAACCTGTCAGGCTCGGATGGGGCGTTGTCTGGCCAGGCTTGCCTGCCGACACTAAACGCACAACGGCGCCCATTCGCA,15
ATCCTCGAGGGGCGTTGCGACAAGACTCACGGTCTTGCCAGGCTCGGGGCATGGATAGGTGGTATCCACCTTGGAGAACGACGCTCACCACGA,15
CCCCCCGAGGGGCGCTGCAAGCCCGGCCCGCGCAACGCGGACCCGCCGGGATCAGGCTCGGGGCCGGGTTCCTGAACAACCGCGCCCGTTGACC,15
ATCCTCGAGGGGCGTTGCGACAAGACGCTAGTCTTGCCAGGCTCGGGGCATGGATAGGTGGTATCCACCTTGGAGAACGACGCTCACCACGA,15
AGCACTGAGGAGCGTTGCGACAGGATTTCCTGCCAGGCTCAGTGACTCGGCAAGTTTCAACGACGCTCACCCAAC,15
AATTCCGAGGAGCGCTGCGAGAGCTGTCATTTTTAATACGGCTTCCCAGGCTCGGAAAATGTTTTAACGGCGCTCACCATTA,15
CATTCCGAGGAGCGTTGCAACGGAGTGGTGCCTTTTCCGCAAGGTCGCACCTTCCCGCCAGGCTCGGAAGTCTCTCAACCGCGCTCGCTGATC,15
CACTCCGAGGAGCGTTGCAACGAATGGACCCCATTGTGCCATTCGCCAGGCTCGGACTGTCTTCAACGGCGCTCGCTGATC,15
AATTCCGAGGAGCGTTGCGACGAAGATTCCCATCTTCGCCAGGCTCGGATATCAGCAACCGCGCTCACGTTAC,15
TATTCCAAGGAGCGCTGCGACAGCCCAAACTAACGGGGGCTGCCAGGCTTGGACGTTCTAACGGCGCTCACCATCT,15
CCTACCGAGGAGCGCTGCAAGGATCCCGGGCGGCAGCACCGCCCGACACCCCAGGCTCGGACCGTTTCAACGGCGCTCATCCGAC,15
CCTGCCGAGGAGCGCTGCGACCCCGACTGAACCTGCGAGGGCCAGGCTCGGCAACCGATCAACGGCGCTCACAAACC,15
AAGACCGAGGAGCGCTGGAGGAAGAATCCGCTTGGCAGGCTGGGTCGGAAAACAGTTCAACGGTGCTCATACAAT,15
GCTTCCGAGGAGCGTTGCGACGGGCTGAAAAACGCCCGCCAGGCTCGGCAGCCTTCAATCCGGACGGTTCGAAGGCATCGTAAAAAGCCCGCTGAGCCACCGCATCGAACGGCGCTCACGTCAA,15
ACTCTCAAGGAGCGCTGCAGCGCCACCCCGACGCGCTTGTGTCGGGGCCGGTGTCAGGCTTGAGAGTCCGGGCTTTCATCGCCCTGCCGGCCAGACCGGCCCCAACGGCGCTCACCAGTT,15
CCCTCCGAGGGGTGCTGCAGCGGGGCTGGTCACAGTCCCCCGTCAGGCTCGGAGTCAGTGGTTCAAAGTTTCAACTGCACCCATTCATT,15
CTGTCCGAGGGGCGCTGCAGCAGGTTCGACCTGTCAGGCTCGGATGGGGCGTTGTTCGGTCAGGGTTCCCTGCACGGACACTAAACGCACAACGGCGCCCATTCGCA,15
CTGTCCGAGGGGCGCTGCAGCAGGCCCTGGCCTGTCAGGCTCGGATGGGGCGTTGCCCGGCCGGGTTGTCCTGGCTGGATACTAAACGCACAACGGCGCCCATTCGCA,15
GGTTCCGAGGAGCGCTGCGACGGTTCACCCGCCAGGCTCGGGACGCTTCCTTTCAACGGCGCTCACGTTTT,15
CCTTCTGAGGAACGCTGCGAGAGCAATTCCCAAGCTCCCAGGCTCAGAGATGTTGTAAACGGCGTTCACTTTTA,15
CACCGAGGAGCGCTGCGAGACGTCCGTCCCAGGCTCGGTCCCTTCAGAACTGCGCTCACCTAAT,15
GTCGCCGAGGGGTGCTGCAGCGGACCTCCGTCCGCCACGCTCGGCATGCGACTCCATCGCAAGGGCGCCCTTTCCAC,15
GCCCCCGAGGAGCGTTGCGACGGATGATCCGCTGAAAAGCAGCATCCGCCAGGCTCGGAGGCATTCAATCCGGACGGTTCGAAGGCGCTTTACCTTCAAGGTGAAAACGCCCGTCAAGCCACCGCATTCGAACGGCGCTCACGTCAA,15
TAACTCAAGGAGCGTTGCAGCGAAACATCGTTTCGTCAGGCTTGGGTAAGCAGGGTGCAAAACGCCCTATTTGGCAACGACGCTCACCTTTG,15
CGTTCCGAGGAGCGTTGCGATGGGGCCCCACCCGCGGCATCCACCAGGCTCGGACGGGCGGCCCGCACCCCTTGTGGCCGCACAACAACGGCGCTCACCGACC,15
CCCGTTGAGGGGTGCTGCGACCGGTTTCCCGCCTTGCCGCCTGCCAAGCTCGATCGGAATCTTGACCGTTCAACGGCGCCCAGAAACC,15
CCCGCCGAGGGGCGCTGCGACCGTTTATTCGTGAATGCGGATCCATCCGCGACTGCCTGCATATCCCTGTGCAGACTCCTCACGAAACCGGCCAGGCTCGGCGCGGCACGTTCCACAACGGCGCTCAGTACGC,15
GGGGTCGAGGGGCGCTGCGACGGGCCGATCAGGTCCGCCACGCTCGACCACTGGCCGTTGCAGAAGGGCGCCCTCACCCA,15
ATCCTCGAGGGGCGTTGCGACAAGACGCTAGTCTTGCCAGGCTCGGGGCATGGATAGGTGGTATCCACCTTGGAGAACGACGCTCACCACGA,15
CCGTCCGAGGGGCGCTGCAGCAGGTTCGACCTGTCAGGCTCGGTCGGGGCGTTGTCCGTCTCGCGGACGCTCAAACGCACAACGGCGCCCATTCGCT,15
CGCTTCGAGGAGCGTTGCGACGGTTTGTATCAATACACGGAAAACTTTCCGGAAAACCGCCAGGCTCGAAGCATTCAATCGGACGGAGCGACCAGCGCGGGTCATTAATCAAGCGCTTGTTGAACCACCGCATCGAACGGCGCTCACGTCAA,15
CTGTCCGAGGGGCGCTGCAGCAGGTTCAACCTGTCAGGCTCGGATGGGGCGTTGTCCGGCCTGGTCCACCTGGCCTGATACTAAACGCACAACGGCGCCCATTCGCA,15
CTGTTCGAGGAGCGTTGCAGCCCGCCAGAAACTGCTTGTCAGCTGGCGCGTGAGGCTCGGACACCAGATCGCCTTGCCGATTCTGCCTCCCAACCGCGCTCACCCACT,15
CCTTTCGAGGAGCGTTGCAGCGTCCACCCCAAGTCAGCGGTGGCGTGAGGCTCGGAAGGGCAGCAGGGCCGCTTCAGGCGGCGCTCGCTTCTTGGCAACGACGCTCACCCACG,15
CAGTCCGAGGAGCGCTGCAAGGCTGTCCTCCCACAGTTTCAGGCTCGGATTCATCAAACGGCGCTCATCCCAC,15
CCCGCCGAGGGGCGCTGCAGCAGTCACCGCAAGGTGAACCTGTCAGGCTCGGCGGAGGTGGCTCAACAATGTTGCAACGGCGCCCATTCATT,15
GCATCCGAGGAGCGTTGCAGCATCCCCATGCGGGTGTGAGGCTCGGAACCTACGCAACGACGCTCACCCACT,15
CGGACCGAGGGGTGCTGCGACGGGGCCGAAGCTCCGCCACGCTCGATCCGCGATGCCGAAGCAAGGGCGCCCTCCCGAT,15
CGGGCCGAGGGGTGCTGCGACGGAGCGATCCGCCACGCTCGGCCCGCGATCCTCGAGACAAGGGCGCCCTCCATGC,15
GTCTTCGAGGAGCGTTGCGACGGGTACCGCGAATCTGCATTCGCTGGCCGCCCGCCAGGCTCGGAGGCTTTCAATCGGACGGCTTGAATGCGCGCAGCGCTTTTCAAGGCGCCCCATCGAACCGCGCTCACGTCAA,15
TCTCCTGAGGAGCGTTGCAACCCACGGCATGTGGTCTAGGCTCAGGACTTCTATTTGCAACCACGCTCACCCGCA,15
ATCTCCAAGGAGCGTTGCAGCTCGCCGCCCATCAAGGTTGCGAGTCAGGCTTGGAGTTCAATCTGGGGCATGCCCCATTCTTATTGCAAACCACGCTCACCTGCG,15
CTTTTCGAGGAGCGTTGCGACAGCTATCCCAGCGGATATCTGCCAGGCTCGAAGAGAGGCTTCATTAACAACGGCGCTCGGTTAAA,15
CGGTCCAAGGAGCGTTGCAACGCGGCACCCTGCTGCGTCAGGCTTGGGCCAGGCGCCGGCAAAGACACGCCGCCGCGCCCTGCCGACAACGACGCTCACCTGTT,15
CGGGTCGAGGGGCGCTGCGACGGATGAGAATCCGCCACGCTCGGCCCGTGCCTGGTCGTAAGGGCGCCTCCCACCG,15
CTGTCCGAGGGGCGCTGCAGCAGGTTTACCCTGTCAGGCTCGGATGGGGCGTTGTTTGTCAGGTTGATCACAA,15
TTTTCCGAGGAGCGTTGCGACGGGCGCGATCAGCGTGCCCGCCAGGCTCGGAAGACTTCACCGAGCGGCCATGCGCGGCGGCGATCGACGATCGCACCGGCGTGCCGCTTCCTGAACGGCGCTCACGTCAC,15
TTCGCCGAGGGGCGTTGCAACCCGCCGCGTGGATGCTTCCACCGGAATCCGCATTTCCTCATGCGGATTCCAGCAAAACGGGTCAGGCTCGGCACCTTCCTACCGCAACAGCGCCCGATCACC,15
CGATCCGAGGAGCGTTGCAGCGCACCCCTGACCACTGGTCAGCGCGGGGCGTGAGGCTCGGAACATCCATGCAACGACGCTCATCCACT,15
CCCTTCGAGGAGCGTTGCATCCCCCGCCTGTTGGCGCAGGGGTCAGGCTCGAAGGGGCGGTTTCTCCCCCTTCGCAACGACGCTCACCCGCT,15
TGTCTTGAGGAGCGTTGCAACGGCCCCCGCGCCGCCAGGCTCAAGGCAGTGTTCCCGTCGGCCGCCTGCGCGGCCGTACACCGCAACGGCGCTCACGTCTT,15
CCCGCCGAGGGGCGCTGCAAGCCCGGCCCGCGCAACGCGGACAAGGGAACAGGCTCGGCGAAGGTCACCCGTAACAACGGCGCCCGTTAATG,15
CGGGTCGAGAGGCGCTGCGACGGATGACCATCCGCCACGCTCGGCCTGTTCCTTGGTCCAAGGGCGCCTCCCGCT,15
TTATCCGAGGAGCGTTGCAGCGCCGGCAGGCGTGAGGCTCGGATCCACATCGCAACCACGCTCACCCGCT,15
ACTTCCGAGGAGCGCTGCGAGGCCGGCAAGGTCCCAGGCTCGGATGTCTGCCCCGCCAGGGGAGACCAGTTTCAACGGCGCTCACCTTTA,15
TCTCCCGAGGAGCGCTGCAGCGGAATCTCCGTCAGGCTCGGGAAAGATTGATCTTCTTAACGGCGCTCCCAAACG,15
CTGTCCGAGGGGCGCTGCAGCAGGTTCAACCTGTCAGGCTCGGATGGGGCGTTGTCCGGCCTGGTTTATTCGGCCTGATACTAAACGCACAACGGCGCCCATTCGCA,15
CGCGCCGAGGAGCGCTGCGACGGCCCGTCGAGGGCCGCCAGGCTCGGCGGGGACAATCGGTTTTCCAACGGCGCTCTGTTTAT,15
CCCGCCGAGGGGCGCTGCGACCATGGGGTCTCCCATAGGCCAGGCTCGGCGCGGCCTCCTGTACAACGGCGCCCCCGTAAC,15
CTTGCCGAGAGGCGCTGCAACGGGTCCAGCGGATCCGCCACGCTCGGCAAAGGAGAAGTGACGCAAGGGCGCCTCCTGAGA,15
TGTTCTGAGGGGCGTTGCGACATGACTTAACCGTCATGCCAGGCTCAGAATACGATCAGATAACGAACCGCGCTCATCATAT,15
CCGTCCGAGGGGCGCTGCAGCAGGTCGGTCGACACCGGTTTGTCAGGCTCGGATGGGGCGTTAACCATACGCATCAACGGCGCCCATTCGCA,15
CTGACCGAGGAGCGCTGCAACGGGTGAACATCCGCCAGGCTCGGAAGGGAGGCTTGATGCAATCAACCGCGCTCACTCACG,15
CGCTCCGAGGAGCGTTGCAGCGCCTCCCACCGGCAGGGCCGGCGGGGCGTGAGGCTCGGGCATCATCTGGCAACGACGCTCATCCACA,15
CTGTCCGAGGGGCGCTGCAGCAGGCTCGACCTGTCAGGCTCGGATGGGGCGTTGTTTGTACGGGGCTACCCGCACGGACACTAAACGCACAACGGCGCCCATTCGCA,15
GTTCTCAAGGAGCGCTGCAGTGCCATCCCCCTGCGGGCTGGCGTCAGGCTTGAGACACCGGGCGTCCACCGCCCCGCCGGCCTGGCCGGCCCCAACGGCGCTCACCAGTT,15
TTTGCTGAGGAGCGTTGCGTCCCCGGATGAATGGGGGTCAGGCTCAGCGAAATCAACGGCGCTCGCACTGG,15
CCTTCCGAGGAGCGCTGCAACCCACCCTGGATTCTCAAATGGATCATCAAGGGCAAGGGCCAGGCTCGGAAGCTGGAGCCCCAACAATTACAACGGCGCTCACTCACG,15
CGCGCCGAGGAGCGCTGCGACGGCCCGTCGAGGGCCGCCAGGCTCGGCGGGGACAATCGGTTTTCCAACGGCGSTCTGTTTAT,15
CTTTCCGAGGAGCGTTGCGACGGACCACTCTGTGTCCGCCAGGCTCGGAAGGCTTCACCAAGCAGCCGTGCGGCACAACCGCTTCGGCCCCGCTTCCTGAACGGCGCTCACGTCAC,15
CTTTCCGAGGAGCGTTGCAGCGCCGCCCAGGCGTGAGGCTCGGAATCATCCATCCGCAACGACGCTCGCCCACG,15
TCTTCCGAGGAGCGTTGCAACCTCCCGCCGCGGGCAGGCCAGGCTCGGAAGACCCCCCGATGCAACCGCGCTCACCTGCA,15
CGATCCGAGGAGCGTTGCAGCGTCCCCAGCACAGGCGGGGCGTGAGGCTCGGAGTCATCTAGCAACGACGCTCATCCACT,15
CCATCCGAGGAGCGTTGCAGCGCCCCACCCGCACACTGCGGGCCGCGGGCGTGAGGCTCGGACCCTTCAACCGGCAACGACGCTCATCCACT,15
TATGCTGAGGAGCGCTGCAACGGTTTTTTCCGTGAGGCTCAGCATAGATGGGGTAAATCACAACTGCGCTCGTTCATA,15
GCCACCGAGGAGCGCTGCAACCCGGGACCATCGAGGTCCGGGCCAGGCTCGGGGACGGGGCATACAGTTCGAACGGCGCTCACTCACG,15
ATTGCTGAGGAGCGTTGCGACCCCCGGATCGGGGGCCAGGCTCAGCGAAAATGAACGGCGCTCGCACTGG,15
CATCCTGAGGAGCGCTGCGACGCACCAGCCGGTTTCGGTGTGCCAGGCTCAGGATAGTTTCGTCACCCACATGGCCGGCAGGGTCATCTTGCCGTGCGTGGGGCAGCCCGGGCGTTTGCCCAGGCCGCATTGCCTGCGCCTGGGCGCGGGACGAACGGCGCTCGCCAATT,15
GGTTTCGAGGAGCGTTGCAAGGTGCCGCCACGGCATCCCAGGCTCGAAGCCCCTTCTTTGCAACCGCGCTCACCCGCC,15
TTTCTCAAGGAGCGCTGCGAGACTTTCTCCTTTATTGAAAGCTCCCAGGCTTGAGATAAATCTTAACGGCGCTCACCACAC,15
CGCTCCGAGGGGCGCTGCGACCGTACCGACCCCACCGGGGCTCGCGTCACGGCCAGGCTCGGGCGGCTTCCATGCAACAACGGCGCCCGGCGAAC,15
CCTTCCGAGGAGCGTTGCGACGAATCACGAATTCGCCAGGCTCGGAGTCCCAAACCGCGCTCACGTTAC,15
CCCGCCGAGGGGCGCTGCGACCGTTCGACTGCGGATCCACCCGCAGTCAGAAACGGCCAGGCTCGGCGCGGCACGTTCCACAACGGCGCCCGGTTGTT,15
CAGGTCGAGAGGCGCTGCAACGGGTTCAGGCCCGCCACGCTCGGCCTTGATCCTCTCTCCTTGACCTTTCCTCAAGGGCGCCTCCCATAA,15
CCCGTCGAGGGGCGCTGCAGCAGTCACCGCAAGGTGGGTCTGTCAGGCTCGATGGGGGGGGGCAACATGTAGCAACGGCGCCCATTGAAG,15
CATTCCGAGGAGCGTTGCAGCTCACGCCAAGGCCCCAGGCCCGGCGCTGAGTGAGGCTCGGAACCCGCTGCGGCCGATCTGCTGTGGCGTTTCACAACGGCGCTCACCCACG,15
CGGGCCGAGGAGCGCTGCAGTCGCCAGGTCTCTGGTGGTCAGGCTCGGCCCGTTTTCCTTCGTGTAAAACCGCGCTCGCTTTCA,15
CCTGCCGAGGGGCGCTGCAAACCCGGCCATCGCATGGCAAGGGAACAGGCTCGGTACGGAGTGCAACTGCAACGGCGCCCGGAATTT,15
CGTTCCGAGGAGCGTTGCGACGAAATTCCCATTTCGCCAGGCTCGGAAATCCACCGCAACTGCGCTCACGTTAC,15
GCCTCCGAGGAGCGTTGCGACGGGTGATTCAAAAATCATCCGCCAGGCTCGGAGGCCTTCAATCCGGACGGTTCGAAGGCATGCAAAAGCCCGCTGAGCCACCGCATTCGAACGGCGCTCACGTCAA,15
CATGCTGAGGGGCGCTGCAACGGTATTCACCGTCAGGCTCGGCATGGCACGGCTTTCACAAGCCAACGGCGCCCGTTCAAC,15
ACTTCTGAGGGGCGTTGCGAGGCGTGTTAACCATACAGGCTCCCAGGCTCAGAACTTTGCAGTAAACGACGCTCACCAATA,15
CTTCCCGAGGAGCGTTGCGACGGTGGCCATGAGGCCCACCGCCAGGCTCGGGACGGTGCAGCCGCCTTGAAGCGGGCCGCACCCGGCAACGGCGCTCACCCACC,15
CTTGCCGAGGAGCGTTGCGACCCCGATCAGAAATTCGCGGGCCAGGCTCGGCAACCGATCAACGGCGCTCACAAACC,15
GTCTTCGAGGAGCGTTGCGACGGGTACCGCGAATCCAGCTATTCGCCGGCCGCCCGCCAGGCTCGGAGGCTTCAATCGGAGGGCCGGAATACGCATCGAGCGTTTCCAGCCACCGCATCGAACCGCGCTCACGTCAA,15
CCTCTCAAGGAGCGTTGCAGCGCCGGCGGGTTTTCACAGCCCCCACCGTGCGTCAGGCTTGAGTGGGCGCGAACAGGCCCAAACGGCGCTCACCCAGT,15
CTGTCCGAGGGGCGCTGCAGCAGGAATGAAAATCGGTGATGGATCTTGCGGGCCGCGCGGCTGAACTGCCGCGGCATAGCGAGTCCAGATCAGGCTTCACCTGTCAGGCTCGGATGGGGCGTTAACCATACGCATCAACGGCGCCCATTCGCA,15
CCCTCCGAGGGGTGCTGCAGCGGGTCTGGACAACCAGTCCCCCGTCAGGCTCGGAGCAGCGATTTCGTTCCAACGGCACCTGTTCATT,15
GTCTTCGAGGAGCGTTGCGACGGGTTTCACCCGCCAGGCTCGAAGACTTTCAATCGGAAGGATTGGACGCGCGCCGCGCCAACAAACCAACCGCATCGAACGGCGCTCACGTCAA,15
GGTTCCAAGGAGCGTTGCAGCGGCCCCGCGCGGGCCGCCAGGCTTGGAGCCGACCCCACCCCGCAACGACGCTCACCTGTT,15
GTGCTCGAGGAGCGTTGCGACGGTTGCCCAGGCTTTGGGACGACCGCCAGGCTCGGGCCGGCGGCACCGCGAGGGCTGCCCTGCAACGGCGCTCACCCCTC,15
CGCTTCCGAGGAGCGTTGCGACGGTCGCGCATCATATCGGCCGCCAGGCTCGGAGCATTCACTATCCGGACGGTTCGAAGGCATGTCGAATGCCCGTTGAGCCACCGCATTCGAACGGCGCTCACGTCAA,15
CGTGCCAAGGGGCGTTGCATTGAAAATATTTTTTCAATCAGGCTTGGTAATCAAAACGACGCTCATTTTTT,15
AATTCCGAGGAGCGTTGCGACGAAAGATTCCTCTTTCGCCAGGCTCGGATCATCAACACCGCGCTCACGTTAC,15
ACGCTTGAGGAGCGTTGCGACGGATCATTCCGCCAGGCTCAAGCATTCCAGGGTATGCCGCGTTCGCGCGGCACCATGAAACGGCGCTCACCTTAG,15
GTGGTCGAGGAGCGTTGCGATCTCTGTGGAGACTAGGCTCGACATAGCCCGGAAGGGTTGGCAACGGCGCTCGTGAGCA,15
ACTTTCGAGGAGCGTTGCAAGGCCCGTCCCGTCGTTGAACACGGCGCGAACCGCTGGCCCCAGGCTCGAAAGCTTCTCCTTTTGCAACGGCGCTCACCCGCA,15
CCTTCCGAGAGGTGCTGCAGCGGGTTTGAACGCCCCCGTCAGGCTCGGAGCAGTGATTTCGTTTCAACGGCACCTATTCATT,15
CACTCCGAGGAGCGTTGCAACGGATGGCCTCGCCTTCCGCCAGGCTCGGAATGTTTCAACGGCGCTCGCAGTTC,15
CCCGCCGAGGGGCGCTGCGACCGTGAACGCCACGGCCAGGCTCGGCGAGGCGCAGGTCCCAACGGCGCCCGGTTTGA,15
CCCATCGAGGGGCGCTGCGACGGTACGCTTGGGCGTTCCTGCCAGGCTCGATGGGGTGGATCTTCCGATCTGCAACGGCGCCCGTTCATC,15
ACTTCCGAGGAGCGTTGCAACTCACATGATGGCTGTTTTGTCACCATGCTGAGTGAGGCTCGGACCCCGCTGTTGTTTTTTGCACAGCGTTTCACAACGGCGCTCACCCACC,15
GTTTTCAAGGAGCGCTGCAGCGGGCCATCCAGTGCCTGTCAGGCTTGAAGACACCGGTTCCCTCCAACGGCGCTCACCTGTT,15
CCGGTCGAGGGGCGCTGCAACGGACCGAGGTCCGCCACGCTCGATCGGAACCTCATCCGCAAGGGCGCCTCCCACAA,15
CTCTCAAGGAGCGTTGCAGCGCCGGTCCCGCCGGCGTCAGGCTTGAGACCCACAACGACGCTCACCTCGA,15
CTGTCCGAGGGGCGCTGCAGCAAGCGAAAGCTTGTCAGGCTCGGACGGGGCGCGTCCCGCTCGGCATCCGCCGCGCGCACTACGCATCAACGGCGCCCATTCGCA,15
CTGTCCGAGGGGCGCTGCAGCAGGTTTACCCTGTCAGGCTCGGATGGGGCGTTGTTTGTCAGGTTGATCACAGCCGGCAAGCCTTAAACGCACAACGGCGCCCATTCGCA,15
TCCCTCGAGGAGCGTTGCGACGGGTTTCACCACCCGCCAGGCTCGAGGTGTCCACCACCGCAACGGCGCTCACGAACT,15
TGTTCCGAGGAGCGCTGCGACGAATCCTTTTCGCCAGGCTCGGAATCTGCAACCGCGCTCACGTTAC,15
CCTACCGAGGGGCGCTGCAGGAGATCTCTCCCAGGCTCGGTTTAAAACGGCGCTCACTGATC,15
CATCCGAGGAGCGTTGCAGCGTCCCCAGCATTGGCGGGGCGTGAGGCTCGGAGTCATCAAGCAACGACGCTCATCCACT,15
CACTTCCGAGGAGCGTTGCAGCGCCCCCTGCCATCTGCGGGGCGTGAGGCTCGGAGTCATCAAGCAACGACGCTCATCCACT,15
CCCGTCGAGGGGCGCTGCAGCAGTCACCGCAAGGTGGGTCTGTCAGGCTCGATGGGGTGGATCAACATGCAGCAACGGCGCCCATTCATA,15
AATTCCGAGGAGCGTTGCGACGAAAAGATTCCTTTTCGCCAGGCTCGGATATCTCAACACTGCGCTCACGTTAC,15
GTGTCCGAGGAGCGTTGCAAGGCCGGTCGATTCAGGCGACCGCCCCAGGCTCGGACCCCTTCCCACAGGCAACGGCGCTCACCCGTC,15
CCCGCCGAGGGGCGCTGCGACCGTGAACGCCACGGCCAGGCTCGGCGAGGTGCAGGTCCCAACGGCGCCCGGTTTGA,15
TCTGCCGAGGAGCGCTGCGAGACCCCTGTCCCAGGCTCGGCCAATTCTCAACTGCGCTCACCTTAA,15
CGCCCCGAGGAGCGCTGCAACAGGGCCGCCGGCCCTGCCAGGCTCGGGGATGGCGCCCCATCGTTCCAACGGCGCTCAGCGAAA,15
CGTTCCGAGGAGCGTTGCGACGAAAACACAATTTTCGCCAGGCTCGGGACTTCTACCGCAACTGCGCTCACGTTAC,15
TCTCCTGAGGAGCGTTGCAACCCACGGCATGTGGTCTAGGCTCAGGACTTTTTCTTGCAACCACGCTCACCCGCA,15
CCTACCGAGGGGCGCTGCAGGAGATTCCTCCCAGGCTCGGTTTAAAACGGCGCTCACTGATC,15
TCTTCCGAGGAGCGCTGCGAGGCGCCGGGCAATTCAGCCCAGGCCCCCAGGCTCGGAAACCCGCGGGCAAGCCGCCGCGGTTCGAACGGCGCTCGCCCGAA,15
CTCGCCGAGGGGCGCTGCGACCGTCGATCAGGACGGCCAGGCTCGGCGCGGTGTCCCGCGAACGGCGCCCGTCATCG,15
CAATCCGAGGAGCGCTGCAGGGCTGTCGTCCGACAGTTTCAGGCTCGGATTTTTCAAACGGCGCTCATCCAAC,15
TCTCTCAAGGAGCGCTGCAGCGCCGGGGGGCATCGGCCAGATGCCCGCACCCGGTGTCAGGCTTGAGACGTCGGGGCCACACGGTCCCGGCTGGTCACACAGACCCCCAACGGCGCTCACCAGTT,15
TGTGGTGAGGAGCGCTGCAACGGTTTATTCCGTGAGGCTCATCATGAGCGGGTTTAGTTACAACGGCGCTCGTTCATA,15
TCCTCCAAGGAGCGTTGCAGCGCACCCGAATGTGCGTCAGGCTTGGAGCCTACTTTTCGCAACGACGCTCACCTGAC,15
ACCCCCGAGGGGCGCTGCAGCGGACAACCGCGAGGCTCGGGGGCAGGGTGAGACACGATAACGGCGCCCATTCGCT,15
CCATCCAAGGAGCGTTGCAGTCGGCCACATGGCCGGTCAGGCTTGGGTACCGTACAACGACGCTCACCTGCT,15
TCCACCGAGGGGCGCTGCGACCGCTGCCGGACCCGATCCGCACGGCCAGGCTCGGTGGCAGGGCTGGTTCCAACGGCGCCCGGCGAAG,15
TCCCCCAAGGAGCGTTGCAGCGGGCCCGTGCCGGCCCGTCAGGCTTGGGGCTGCCATGGGCCCGGCGCCCTGTGCCCTTCGCAACGACGCTCGCCTGTT,15
TGATCCAAGGAGCGTTGCAGCGGCATTCAATGCCGTCAGGCTTGGATGTCCCAACGACGCTCACCTGTT,15
CACTCCAAGGAGCGTTGCAGCGCCTGCCGCGAAGTGCGCGGCAGGGGTCAGGCTTGGGGTCTCAACGGCGCTCATCCCTT,15
ACCGCCAAGGAGCGTTGCGTTGAATTTTTTTCAATCAGGCTTGGCAATCAGAATCACTAGAACGACGCTCATTTTTT,15
CTGTCCGAGGGGCGCTGCAGCAGGTTTTCCCTGTCAGGCTCGGATGGGGCGTTGTTTGACCGGTCGATGCTCGATCGGCAAGCCTTAAACGCACAACGGCGCCCATTCGCA,15
TTTTCCGAGGAGCGTTGCGACGGACCACCAGCGTCCGCCAGGCTCGGAGAGCTTCACCAAGCAGCCGTGCGGCGATTTTTTCGCGCCGGCCCCGCTTCCTGAACGGCGCTCACGTCAC,15
TCCATTGAGGGGCGCTGCGACGGTACGCATAGGCGTTCCTGCCAGGCTCGATGGGATGGATCATACTACTGTGCAACGGCGCCCGTTCATC,15
CTGTCCGAGGGGCGCTGCAGCAGGGCGAAAGCCTGTTTGAATCTCGCAAGCCACGCGCCCCGATGTCGCGCCGCAGCGGATTCAGATCAGGTCCACCTGTCAGGCTCGGATGGGGCGTTTCCTAAAACGCATCAACGGCGCCCATTCGCA,15
CGTATCAAGGAGCGTTGCGACAAGACATCGATCTTGCCAGGCTTGATACCGTCACCAAGCAACTGCGCTCACGTTAC,15
TGGCCCAAGGAGCGTTGCAGCGGCAGACCCCACCCAGGACGGTGGTGCGTCCCCGTCAGGCTTGGGCTGGCACACACCCTCACAACGACGCTCACCTGTT,15
AGACCCGAGAGGCGCTGCGACGGACCACATGTCCGCCACGCTCGGGTCTGCGTTCACCACTCAAGGGCGCCTCCCACA,15
CCCTCCGAGGGGTGCTGCAGCGGTTCGAAGGTCCAATTCCCGCCAGGCTCGGATGTCCAAACGGCACCCATTCATT,15
CCCGCCGAGGGGCGCTGCGACCGTCAGGCGACGGCCAGGCTCGGCGAGGTTCCACGCACCAACGGCGCCCGGTTGCT,15
CAGACCGAGGGGCGCTGCGACGGGGAGACCCGCCACGCTCGGCCTGGTTCCACCGACCAAGGGCGTCCTCCGGAT,15
CTTGCTGAGGAGCGCTGCGACCCGCGACGGGCTGTGACTGCCGGGGCCAGGCTCAGCAACCGAACAACGGCGCTCGCAAACC,15
TTGGGTAAGGAACGCTGCGACAGGGATCCCCTGCTAGGCTTATTCAAGGTTTAAATTTCAACGGCGTTCATTATTA,15
CGCTTCCGAGGAGCGTTGCGACGGCTTTCACCAGGCCGCCAGGCTCGGAGCATTCAATCCGGACGGTTCGAAAACGCGATGAGCGTTCATTGATCCGCCGCATCGAACGGCGCTCACGTCAA,15
TGTTTCGAGGAGCGTTGCAAGGCCACCCCCCGGCCCCAGGCTCGAAACCACTTCCCAGTGCAACGTCGCTCACCCCCA,15
CTTTCCGAGGAGCGTTGCAGTTCACGCGCAGTGAACGAGGCTCGGAAAGCTGACCGATAGGGTTAGTTCAAGCACCAACGACGCTCACCCACT,15
TCCTCCGAGGAGCGCTGCAACGGGCAACAACGCCCGCCAGGCTCGGAGCGAAGGAAAAAATCGTAAAAAACCGCGCTCACTCACG,15
CCCGCCGAGGGGCGCTGCAAGCCCGGCCCGCGCAATGCGGGCAAGGGATCAGGCTCGGCGAAGGTTCCAAGAGCAACCGCGCCCGTTAACG,15
CCGGTCGAGAGGCGCTGCGACGGATCACCTGGTCCGCCACGCTCGACCGCAGGCCAAGACGACGAAAGGGCGCCTTCCGTAA,15
CGCCGAGGGGCGCTGCAAGGTGAAGGTCTACCCCAGGCTCGGCTTGAATTTGCAACGGCGCTCACCCACA,15
GATACTGAGGGGCGCTGCAACGGAGCCTTCTCCGCTACGCTCAGTCTCGTGCCAACTTTAATTGCAAGGGCGCCCATTCATC,15
CGCTGCAAGGAGCGTTGCGACAGGGACATCCCCTGCCAGGCTTGAAGCGGTGAACAGGCGCACGTCGCCTGGCAACCGCGCTCACGTTAC,15
TTCGCCGAGGGGCGCTGCGACCGCCATGATCAAGTGCGGCCAGGCTCGGCGCGGCTTCACGTACAACGGCGCCCGGTTGTT,15
TTTCCCGAGGAGCGCTGCAGCGCCCGCCGGCCGGGGCCGCACAGGCGGCTCGCGCGTGGCGGCGTCAGGCTCGGGCCCACCGCGGCATGCAGCCGTGCGTGTACCAACGGCGCTCACCTGAT,15
ACGTCCGAGGAGCGTTGCAACAAAATGATTCCGTCATTTCTGCCATATAGTTGAAAAATACGGAAATATTTTAGCCAGGCTCGGATTCTTCAAAACGGCGCTCACGTTAC,15
CAAGTCGAGGGGCGCTGCAACGGACCCTGGTTCTGTAACGGGCTCAGGTCCGCCACGCTCGGCCGGCACCACTCCGTAAGGGCGCCTCCCTCACA,15
CTCGCCGAGGAGCGCTGCAACGGGCACCGTCCCGCGAGGCTCGGCAGGGAGAGTATCGTATTAACGGCGCTCGTTCATT,15
CATTCCGAGGAGCGTTGCAACGACCGGCCCAAGTTCAGACGGGGCGGCCGCCAGGCTCGGAAGTTCAAACGGCGCTCGCAGTAT,15
CCCGTCGAGGGGCGCTGCGACCGGAGCACTGGCGCGATGGCACATAGGCTTGTGCCCTCCGTGATCTCCGGCCAGGCTCGACGGATTTCCTCTGTAACGGCGCCCGGACAAC,15
CCTGCCGAGGAGCGCTGCGACCCCGACTGAACCTGCGAGGGCCAGGCTCGGCAAACGATCAACGGCGCTCACAAGCC,15
CATGCCGAGGAGCGCTGCAACGGGCACAGTCCCGTGAGGCTCGGCACGGAAGGATCGCAACAAACGGCGCTCGCTCATC,15
CCTGCCGAGGGGCGCTGCGACCGGATCCCCTGAGACCGGCCAGGCTCGGCCAGGTGGCTTTGCAACAACGGCGCCCGGCCAGA,15
CTTTCCGAGGAGCGTTGCAGCCCGCCCCCTGTCCCATGTGAACAGGGTTGCGAGCGAGGCTCGGAATCCGGTGGGCCGCCCAGGTTCGCCGCCCTCCAACCGCGCTCACCCACG,15
GCTCCCAAGGAGCGTTGCAGCGCGGCCTCCCTTGTCGAGGGCGCCGCGTCAGGCTTGGGCTTCCATCCGCTGGAGTGCAACGACGCTCGCCTGAT,15
CTCCGAGGAGCGCTGCGACCAGCAAGCCTGGCCAGGCTCGGAACATCAACACCGCGCTCACGTT,15
TCCCCCAAGGAGCGTTGCAGCGGGCCGTCCACCGGCCCGTCAGGCTTGGGGCCGTCCCCCGTTCGCAACGACGCTCACCTGTC,15
CATCCGAGGAGCGTTGCAGCGTCCCCAGCACTGGCGGGGCGTGAGGCTCGGAGTCATCTAGCAACGACGCTCATCCACT,15
TCGAATAAGGAACGCTGCAACAGGTCATTCACCTGCTAGGCTTATTCAATACTTAATTATTTAAACTGCGTTCATTATTA,15
CCGGCTGAGGAGCGCTGCAGCGGTTTAACCGTCAGGCTCAGCCGGATGTCCCCCTGAAACGTGAACACGGCGCTCATCCAGA,15
CTCCCCAAGGAGCGTTGCAGCGCCACCGCCCCTCGCGCTGCGCGCGAGGGCGAGGCGTCAGGCTTGGGTTCAACGACGCTCGCCTGAT,15
CCCGCCGAGGGGCGCTGCGACCGTTTGTGAGCGCGAATGCGGATGCCTCCGCGTCTCACGGAAAACGGCCAGGCTCGGCGCGGCACGTTCCACAACGGCGCCCGGTTGTT,15
CGCTTCCGAGGAGCGTTGCGACGGTTTCAGCATCAGCGAAGCCGCCAGGCTCGGAGCATTCAATCCGGACGGTTCGAAGGCGTGACAAACGCTCATTGACCGGCCGCATCGAACGGCGCTCACGTCAA,15
CCCGCTGAGGAGCGTTGCGTCCCCGCGGAAGGAACCAGGGGGTCAGGCTCAGCGAAAACAACGGCGCTCGCATCGG,15
CATGTCGAGAAGCGTTGCGACCAGGAATTCCCTCCTGGCCAGGCTCGACCTGATCAGAACGAAACGACGCTTGCATCCC,15
GCTTCCGAGGAGCGCTGCGAGGTGCCGCAAGGCCCCCAGGCTCGGACCCCGCCAGACCGTCGCCGGTCGCGGGCACATTTGTAACGGCGCTCACCTGAA,15
GTTTCCGAGGAGCGTTGCGACGGGCCCCGCCCGCCAGGCTCGGAAATGGTCAACCGAGCGGTGTGTCGGCGCAGCATCGTCGCATAGCGGCGATCGTTTCCGCCGAGACCGGCCGCTTACTTGAACGGCGCTCACGTCAC,15
CCTGCCGAGGGGCGCTGCGACCGGATCCCACGAGGCCCGGCCAGGCTCGGTAAGGTGGCTATGCAACAACGGCGCCCGGCCAGA,15
CCAACCGAGGAGCGCTGCAACGGATTCCTTCCGTCAGGCTCGGCTTTCGAAAACTGCGCTTACCTGTA,15
CGGTTTCGAGGAGCGCTGCGACGGTTCACCCGCCAGGCTCGATTCCGGCGATGTTTCAACGGCGCTCGTTGACG,15
GCCGCCAAGGAGCGTTGCAGCGGGTGCCGCCGATGGCCGTGTCCCGTCAGGCTTGGCGACCCGACCCGATTCGCAACGACGCTCACCTAGA,15
TGCAGCAAGGAGCGTTGCGACAGGGAAACCCCTGCCAGGCTTGATGCGATGAACAAGTGATCCCACTTGGCAACCGCGCTCACGTTAC,15
CTGTCCGAGGGGCGCTGCAGCAGGCTCGACCTGTCAGGCTCGGATGGGGCGTTGTCCGCTCCCGCGGACGCTCAACGCACAACGGCGCCCATTCGCA,15
TCCACCGAGGGGCGCTGCGACCGTTCCGGACCTTTCCGGGGGCGGCCAGGCTCGGTGGCCAGGATTGGTTCCAACGGCGCCCGGCGAAC,15
CGATCCGAGAGGCGCTGCAACGGACAACCCTGTCCGCCACGCTCGGTGCGGTTTGTTGACGTAAGGGCGCCTCCTGAGA,15
CCCTCCGAGGAGCGTTGCAGCGGCCCGTCCGCCGGCGTCGGTCACGACCGCCGCGGGCGCGCCGTCAGGCTCGGAGCCCGTGCCGAAGAATCGATGCCAACGACGCTCACCTGTC,15
CCGCCCGAGAGGCGCTGCAACGGACGTCTCACGTCCGCCACGCTCGGCCGGGTTCCATGACGCAAGGGCGCCTCCTGAGA,15
TTAACCGAGGGACGTTGCGAGGTTACGTTAACAAACGATAACCCCAGGCTCGGTTTGCAAGACACAATAATCAATAATTGGTCTTGTAAACGGCGTTCACCTAAC,15
CACTCCGAGGAGCGTTGCAACGAATGGGCCTTATTGTGCCATTCGCCAGGCTCGGACTGTCTTCAACGGCGCTCGCTGATC,15
CCTGTTGAGGGGCGCTGCAACGGAGTTTTCTCCGCTACGCTCAACAAGATGCCAACTTCATTTGCAAGGGCGCCCATTCTTC,15
CTTCCTGAGGGGCGCTGCGACGGGGCTGGGATTGGGCCGACAGGCTTTTCAGTAACACCCGCTAGGCTCAGGATCATCTTTTGTTTCAACGGCGCTCATCATTT,15
CCCGCCGAGGGGCGCTGCGACCGTGGACCGGGCGGGACTTCCGCCGGAACCCGCACCGAGGTGCGGAGCTTTCCGATCCACGGCCAGGCTCGGCATGGCACACCCTAGCGACAACGGCGCCCGGCGAAA,15
ACTTCCGAGGAGCGTTGCAGCTCGCCGCCCATGCCACGTGGGTGCCGCGAGTGAGGCTCGGAAAACACGCCGCGTCCTGCGCCGTGCCTGTCAACGGCGCTCACCCACT,15
CGTTCCGAGGAGCGTTGCAGCGCCGCCAGGCGTGAGGCTCGGACCACATCGCAACCACGCTCACCCGCT,15
CTGTCCGAGGGGCGCTGCAGCAGGTTCTCCTGTCAGGCTCGGATGGGGCGTTGCCTGCACGGGGTTCCCCGCACGGGCACTAAACGCACAACGGCGCCCATTCGCA,15
TGAACTGAGGGGCGCTGCAGCAGCTTTTACTGTCAGGCTCAGTTCAGGAAACACTGTTCAACGGCGCCCGTTCAAC,15
AGTCCTGAGGAGCGCTGCGACGACCCTGGCTTGTCCCCCACATGCGGGTCGGCCGGCGGGTTGCCAGGCTCAGGAATCTCACCAGGCGCCGCCGCGGCGGCGCCCAGCAACGGCGCTCACCTTTG,15
CCCGCCGAGGGGCGCTGCGACCGTTCTCGTGAATGTGGATCCAATCCGCAACAGCCTGCACATCCGTGTGCGGACTCTTCACATAGACGGCCAGGCTCGGTGCGGCACGTTCCACAACGGCGCCCGGTTGTT,15
TCGGATAAGGAACGCTGCGACAGGTACTCCTGCCAGGCTTATCCAATGTTTCATTTGTAAAACGGCGTTCATTATTA,15
CCCGCCGAGGGGCGCTGCGACCGGAGGGGTTCCCCGATGGCCAGGCTCGGCGCGGTTTCCCGTACAACGGCGCCCCCGTAAC,15
CCGGTCGAGGAGCGCTGCAACGGGTATATCCCGCGAGGCTCGGCCGGGAAGGATCGTCACAACTGCGCTCGTCCATT,15
TGCACTGAGGAGCGCTGCGACTGTCGCCGGTTTGATCCGCAACGACAGCCAGGCTCAGCGCAGGCGATGATTCAACTGCGCTCGTTGACT,15
GCTGCCGAGGGGTGCTGCAGCGGACGCCGTCCGCCACGCTCGGCCTGCGATTCCGTCGCAAGGGCGCCCTTTCCGC,15
CATGCCGAGGAGCGCTGCAACGGATTCAATTCCGCCAGGCTCGGCAGGGAGGTTGAAACAACATGACAAACCGCGCTCACTCACG,15
CGCTTCCGAGGAGCGTTGCGACGGGTAATCGCTTTACATTCGCCCGCCAGGCTCGGAGCATTCAATCCGGACGGTTCGAAGGCATGGAAAATGCCCGCTGAGCCACCGCATCGAACGGCGCTCACGTCAA,15
CTATCCAAGGAGCGCTGCGAGGCATTCAATTGCCCTAGGCTTGTAGGTGGTTTTAAACTGCGCTCATCAATT,15
GCCGCTGAGGAGCGTTGCGTCCCCCGCCGTCCCGAGGTGGATGAGGGGGGTCAGGCTCAGCTAAATTCAACGGCGCTCGCATCGG,15
CCTTCCAAGGAGCGTTGCAGCGGCGGCCCACATCAAGAGGCCCGCCGTCAGGCTTGGAAGGCGCCCTGCCGGCCGGGGCGCAAGCCGCAAACGACGCTCACCTGAC,15
TGTGCTGAGGAGCGCTGCAGCGGTTTGTTCCGTGAGGCTCAACATAGGCGGGTATTGTTACAACGGCGCTCGTTCATA,15
CTCGCCAAGGAGCGTTGCAGCAGAGCTGTGCATCGAATGGCCGTGTGCGCTGCCCTGTCTGGCTTGGCGGCTTGCCCTTTTGCAACGACGCTCGCCTGCT,15
CTCGTCGAGGGGCGCTGCGACCGGTACGGCAGATTCATCTGCCACCTGCACGAAAAGTGCGGGCAACAACGGCCAGGCTCGACAGGGATTTTTCGTGAAACGGCGCCCGGAATTG,15
GTATCCAAGGAGCGTTGCAGCGGGTCAGAAGGCCCGTCAGGCTTGGATGACCCCAACGACGCTCACCTGAT,15
CGATCCGAGGAGCGTTGCAGCGTCCCCAGCACAGGCGGGGCGTGAGGCTCGGAGTCATCTAGCAACGACGCTCATCCACT,15
TTGTCTGAGGAGCGCTGCGACGGGACGCCCGCCAGGCTCAGATCATGGCACTTACATACAACGGCGCTCAGTCATT,15
GACTTCGAGGAGCGTTGCGAGGCCTTCCCGGCCCCAGGCTCGAAGCCGACTGACCCAACGGCGCTCACCTGAA,15
CCGTCCGAGGGGCGCTGCAGCAGATGGAGAACCGTTTCGAACCTGGCGAAGGTCGAATCCGGTTCTCGCCTGTCAGGCTCGGATGGGGCGTTTCCTCGAACGCATCAACGGCGCCCATTCGCA,15
CGGTCCGAGGAGCGTTGCAGCGCCGACATAGGCGTGAGGCTCGGACACCTTCGCAACCACGCTCATCCGCT,15
CGGGTCGAGAGGCGCTGCAACGGACCACGGGTCCGCCACGCTCGACCCGGTATGTAGTACGGCTGTAAGGGCGCCTCCCATGA,15
ACCGACGAGGAGCGCTGCGACGGAACCCACGGGTTCCGCCAGGCTCGCCGGTGCGGTTTTGCTTTCCCCAACGGCGCTCGTCCGAT,15
TTGCCCGAGGAGCGTTGCAACGCACGGCGCGCGAGCCCTTCGCCGCCCTGTGCCAGGCTCGGGACTTTGATCGCAGGCCGCTTCTTTCTCCTTGCTGGCGGCTTTCCTTCAACGGCGCTCACCCAAC,15
GCCTTCGAGGAGCGTTGCGACGGATTTTCTGTGATCCGCCAGGCTCGAAGGTGCTCAATCCGGTTGCTTTCCGCTGTCAAACGCAGAAGCCGACCGCACTGAAAACGGCGCTCACGTCTT,15
CTTTCCGAGGAGCGTTGCAGCGTCCCCAGCACAGCGGGGCGTGAGGCTCGGAAGCCGGTTCCTTCGCAACGACGCTCACCCACG,15
GCTGCCGAGGGGTGCTGCAGCGGACGCCGTCCGCCACGCTCGGTACGCGAATCCGTTCAAGGGCGCCCTTTCCGC,15
TCCGCCGAGGGGCGCTGCGACCGTGTGCAAGGCACGGCCAGGCTCGGCGGGAACAGGATTCCAACGGCGCCCGGTCACT,15
CATCCGAGGAGCGTTGCAGCGCCCCCAGCTACTGGCGGGGCGTGAGGCTCGGAGTCATCCAGCAACGACGCTCATCCACT,15
CAGGCCGAGAGGCGCTGCAACGGACCACCGGGTCCGCCACGCTCGGCCGGGAATGACCAACCAAGGGCGCCTCCCGATC,15
CTGTCCGAGGGGCGCTGCAGCAGGTTCAACCTGTCAGGCTCGGATGGGGCGTTGTTTGTTCAGGGCTCCCTGTTCAGGCACTAAACGCACAACGGCGCCCATTCGCG,15
AGTTCCGAGGAGCGTTGCAACTTCATCATTGATGAAGCCAGGCTCGGACCTTCGTGAGAGTTTGCAACGGCGCTCGCTCACT,15
CGGTTTCGAGGAGCGCTGCGACGGTTCACCCGCCAGGCTCGATTCCGGCGATGTTTCAACGGCGCTCGTTGACG,15
CTCGCCGAGGAGCGTTGCATTGGGAATCCCCATCAGGCTCGGCAATCAAAAACGACGCTCATTTATT,15
CCTTCCGAGGAGCGTTGCGACGGGTTTTGCCCGCCAGGCTCGGAAAACGGGGTTTCCGGCCCGGCGGCACTCTACATGGTGCTGCCTATACCGCCCGGGTCAACGGCCAGGAAATGGCCGCAACGGCGCTCACGTCTT,15
CTCGTCGAGGGGCGCTGCGACCGGCATGGCGGACTGATCTGTCAACTGCACCGAATGTGCAGGCACTACGGCCAGGCTCGACCAGCATTCACCGTTCAACGGCGCCCGGAACTG,15
CCCACCGAGGAGCGTTGCAACCCGAATCCACGACGCTGGATTCCGGCCAGGCTCGGTGGCGGGATTTCACTGTTCCAACGGCGCTCACTCACG,15
CAATCCGAGGAGCGCTGCAGGGCCGTCGATCGATGGTTTCAGGCTCGGATTCCTTGAACGGCGCTCATCCAAC,15
CCCGCCGAGGGGCGCTGCAAGCCCGGCCCCGCAAGGGGGCAAGGGATCAGGCTCGGCGAAGGTTCCCGTACAACCGCGCCCGTTAACT,15
AGACCCGAGGAGCGTTGCGACGAAGAACATTCGCCAGGCTCGGGCTATTCAGCAACCGCGCTCACGTTAC,15
CCCACCGAGGGGCGCTGCGACCGTCGCTCCGTCGACGACCAGGCTCGGCGGGCCGTCCCCTTTCGAACCGCGCCTACCGAAT,15
CTTACCGAGAAGCGCTGCGACGGAGTTCTCCGCCAGGCTCGGTTTCGATGAACTGCGCTTGCCTCTA,15
GCTTCCGAGGAGCGTTGCAAGGCCGCCCGGCCCCAGGCTCGGAACTTCGTCTTTGCAACTGCGCTCACCCGTA,15
CTGTCCGAGGGGCGCTGCAGCAGGCTAGACCTGTCAGGCTCGGATGGGGCGTTGCTTGGCCATCAACGGCCAGACACTAAACGCACAACGGCGCCCATTCGCA,15
CGTGCTGAGGAGCGCTGCGACTATCTCACCGATAGCCAGGCTCAGCGCGAGCGAAGTTTCAACTGCGCTCGTTGACT,15
CTTTCCGAGGAGCGTTGCAAGGCCCGCCGCCGTGTTCGAGCGTGCGTCCCCAGGCTCGGAATTTGAATTGCAACCGCGCTCACCCGCA,15
CGATCCGAGGAGCGTTGCAGCGCACCCCTGACCCATGGTCAGCGCGGGGCGTGAGGCTCGGAAATCCATGCAACGACGCTCATCCACT,15
CTGTCCGAGGGGCGCTGCAGCAGGTTCGACCTGTCAGGCTCGGATGGGGCGTTGCCTGGCCACGGCCAGACACTAAACGCACAACGGCGCCCATTCGCA,15
CATCCCGAGGAGCGCTGCGAGGATCGGTTCAAGATTGAGCCGCATCCCCAGGCTCGGGAGGCGTGGAGACGAAAGTCTGCGACAAAACGGCGCTCACCTGAC,15
CATCCCGAGGAGCGCTGCAACGGGTTCCGGCATGTCCGGAACCGCCAGGCTCGGGGCCGTGTACCAACCGCGCTCGTTGATC,15
TTACCCAAGGAGCGTTGCAGCCCGCCGCCGTCAAGGCGCAGCGGGTCAGGCTTGGGGCCGTTCAATGTCTGAATGATTTTGCACAACGACGCTCACCTGAT,15
GTTTCCGAGGAGCGTTGCGACGGGCACCGGCCCGCCAGGCTCGGAAATCTTCACCAGGCGGTGGCCCGCC,15
TTCCCCGAGGAGCGCTGCGACGGCCAGAAGCCGCCAGGCTCGGGGCGATGGCCTCAACCCAACGGCGCTCGATTACA,15
CCGGCCGAGGGGCGCTGCAGCAGGTTCGTCCTGTCAGGCTCGGTCGGGGCGTTGTCCGCGCAGCGGACGCTCAACGCACAACGGCGCCCATTCGCA,15
CCTTCCGAGAGGTGCTGCAGCGGGTTTTATCACCCCCGTCAGGCTCGGAGCAGTGATTTCGTTTCAACGGCACCTATTCATT,15
GCCGCTGAGGAGCGCTGCATCATCCCGCATGGCAACATGGCACGGCGGTGGCAGGCTCGGCGGACATCTTCACACGTGGCCAGCAACTGATGCATGGGATGTGTGGCAGATCCTACAACGGCGCTCACCTGAA,15
CGCATCAAGGAGCGTTGCGACAGATCGTTCGATCTGCCAGGCTTGATGCGGTCAGTAATAGCAACTGCGCTCACGTTTC,15
GGGGCCGAGAGGCGCTGCGACGGAATCCTTTCCGCCACGCTCGGCCCGCCGATCACGACTCCAAGGGCGCCTCCCGCGA,15
CTTCCTGAGGAGCGCTGCAACGGCGTCGGGGCCGGCTTTATCGCTGCCACCACCCGCTAGGCTCAGGTTGTCTTTTTCGTTTCAACTGCGCTCATCGTTC,15
GTCTTCGAGGAGCGTTGCGACGGGTACCGCGAATTCCGCATATTCGCCGGCTGCCCGCCAGGCTCGGAGGCTTCAATCGGAGGGTCCGGATGCGCTGTCGCGCTGTCCCCCAACCGCATCGAACCGCGCTCACGTCAA,15
CGCTTCGAGGAGCGTTGCGACGGCTTTCATCGACGAAGGCCGCCAGGCTCGAAGCATTCAATCGGACGGAGCGACAGCGCGGGTTAGATCACCACGCGCTCGTTGAACCACCGCATCGAACGGCGCTCACGTCAA,15
CGATCCGAGGAGCGTTGCAGCACCGCACGGTGTGAGGCTCGGAACCTACAGCAACGACGCTCACCCACT,15
CGCACCGAGGGGCGCTGCAGCTCACCGTTGAACGCAAGGTGAGTCAGGCTTGGTGCGATGGCTCGACGTAGCAACGGCGCCCATTCACT,15
CCACCCGAGGGGCGCTGCAGCAGGTTCCAGAACCTGTCAGGCTCGGATGGGGCGTTTCCTCGAACGCATCAACGGCGCCCATTCGCA,15
GCCTTCGAGGAGCGTTGCGACGGGTTCCCGCCCGCCAGGCTCGAAGGTGGTCAATTCGAAGAGTCAGTGCATCAAGCGTTTGCTCTTCGTATCGAACGGCGCTCACGTCAA,15
CTGTCCGAGGGGCGCTGCAGCAGGTTCGACCTGTCAGGCTCGGATGGGGCGTTGCCTGGCCTTAAGCCAGACACTAAACGCACAACGGCGCCCATTCGCA,15
CTGTCCGAGGGGCGCTGCAGCAGGTTCAACCTGTCAGGCTCGGATGGGGCGTTGTCCGGCCTGGTTGCCCTGGCCTGATACTAAACGCACAACGGCGCCCATTCGCA,15
CTGTCCGAGGGGCGCTGCAGCAAACTCTGGCCACCAGAGATTTGTCAGGCTCGGACAGGGCGTTAACCATACGCATCAACGGCGCCCATTCGCA,15
ACGCCTGAGGAGCGTTGCGACGGGGAAGGCCGCAGCCAGGCCGATGCGCAGGACCATGCGCGCGGCAATGTGCATGGCAAGCATGCACGGTGTGTGTCCCCCGCCAGGCTCAGGCTCAAGTTCGGCTGTCCATGCATCGCGTGGCGGCATGCAACGGCGCTCACCTTTG,15
CCATTCGAGGGGCGCTGCAGCAAACCGGTGGTTTGTCAGGCTCGAATGGGGCGTTATCAAAACGCATCAACGGCGCCCATTCGCA,15
TAGGCCGAGAGGCGCTGCAACGGACCGGACCGGTCCGCCACGCTCGGCCTGGCGTGAACGACGAGAAGGGCGCCTCCCAAAT,15
CTTCCCAAGGGGCGCTGCAGCTGGCGCCTGCCCTCAGACAGGCAGGCCTCCGGTCAGGCTTGGGACTCCCAACTGCGCTCACTTGTT,15
GCTCCCAAGGAGCGTTGCAGCGCGGCCTCCCTTGTCCAGGGCGCCGCGTCAGGCTTGGGCTTCCATTCGCTGGAGTGCAACGACGCTCGCCTGAA,15
TCCCTTGAGGAGCGTTGCGACAGCCGGCCCATAAAGACGCGGTTGCCAGGCTCAAGGTGTCACCTTCAACGGCGCTCGCTAACC,15
CCGTCCGAGGGGCGCTGCAGCAAATCCGCCAGGTGCGGACTTTGTCAGGCTCGGATGGGGCGTTAACCATACGCATCAACGGCGCCCATTCGCA,15
CCCGCCGAGGGGCGCTGCGACCGCATGAAGTCACCTGCGGCCAGGCTCGGCGAGGTTCCACGCAACAACGGCGCCCGTTAATG,15
GTTTCCGAGGAGCGTTGCGAGGGGTCCCGATCATCCGGGGGCCCGCCAGGCTCGGAACGACGGCGCCACACTCCGCGGGCCGTTCAACAACGACGCTCACCGTCC,15
CGTCCAAGGAGCGTTGCGACGGGGCCGGTTGCCGGCTCCGCCAGGCTTGGAGCTCGGAACCACGCTCACCCGCC,15
CATGCCGAGGGGCGCTGCAACGGTAAGACCGTCAGGCTCGGCATGGCGTGGCTTTCCAAAAGCCAACGGCGCCCGTTCAAC,15
CCATCCGAGGAGCGTTGCAGCGCACCCCCGACCCCCCGGTCGGCGCGGTTCGTGAGGCTCGGACATCCATGCAACGACGCTCATCCACT,15
GCTTTCGAGGAGCGTTGCAAGGGCCCCCTGTTGATCAGGCGAGTTGCCCCCAGGCTCGAAAGACACGTGAACCCTCATGTGATGTGCAACCGCGCTCACCCGCA,15
CCGTCCGAGGGGCGCTGCAGCGCATGAGGCCCATGCGCGAGGCTCGGGCAGGCGGTCGTCAATCGCAACGGCGCCCATTCCCC,15
GTCTTCGAGGGGCGCTGCAACGGGACGCATTGGCGTACTTGCCAGGCTCGATGAGGTGGCTTACTACCGTGCAACGGCGCCCGTTCATC,15
CTTCCGAGGAGCGTTGCAGCGCCGCCAGGCGTGAGGCTCGGACCCAACCGCAACCACGCTCAACCGCT,15
TTTTCCGAGGAGCGTTGCAGCGTCCCCAGCACGGCGGGGCGCGAGGCTCGGAATGATTCATTTGCAACGACGCTCACCCACG,15
CATTCCGAGGAGCGTTGCAGCTCACGCCAAGGGCAAAAGCCCGGCGCTGAGTGAGGCTCGGAACCCGCTGCGGCCTACGGCTTGGCGTTTCACAACGGCGCTCACCCACT,15
GCCGTCGAGGGGCGCTGCGACCATGGAATGCGCGGACACTCCGCCACCGCCCGCCCTGCGGGCCGGGATCCTGGCCAGGCTCGACGCGCTTCACCGCGACAACGGCGCCCGGACCAC,15
TCGCCCAAGGAGCGTTGCAGCGGCTTCCCGCCACAGGAGAGGCCGTCAGGCTTGGGCACGGTATGCACCGCATGCCCCATCGCAACGACGCTCACCTGTT,15
CGCTTCCGAGGAGCGTTGCGACGGGTAATCGCTGAAATTTGCCCGCCAGGCTCGGAGCATTCAATCCGGACGGTTCGAAGGCATATCAAATGCCCGCTGAGCCACCGCATCGAACGGCGCTCACGTCAA,15
GCCTCCAAGGAGCGTTGCAGCCGGACTTGCGTCAGCAAGCCGGGTCAGGCTTGGAAGCACCATCCCCAGCAACTGCGCTCACGTTTC,15
TCATCCGAGGAGCGCTGCGAGGAGTTTCCCCAGGCTCGGATCGTTTAAACGGCGCTCATCGATC,15
TTCCCCAAGGAGCGTTGCAGCGGGCTGGGCGACCTCCCGTCAGGCTTGGGGCTTTTCTCTTGGCAACGACGCTCGCCTGTC,15
CTTCCCAAGGAGCGTTGCAGCCCGCCGCCTTTCAGGCGCAGCAGGTCAGGCTTGGGGCCGTTCAATGTCTGAATGAACTTGCACAACGACGCTCACCTGTA,15
TTTTCCGAGGAGCGTTGCGACGGCCCGAGGCCACCGGTTCTGCCCGGGGACCCGGCCGCCAGGCTCGGAAACGCAGATGCCGGGGTTGTCGACCCGTCCTGCGCGCAACGGCGCTCACCCCAC,15
CCGTTCGAGGGGCGCTGCAGCACGCTGCGTTATCCCATCCTAGCCGACCCGCCGCTGGCGCGGACCCTCGGCGGGCATGACGCCAGACGTTGTCAGGCTCGAGCGGAGCGTTATCAGAACGCATCAACGGCGCCCATTCGCA,15
ACCTTCGAGGAGCGCTGCAACGGTTACATCCGCCAGGCTCGAAGGCTATACCATCTTGCATTAAACGGCGCTCACTCTCT,15
GCTTCCGAGGAGCGCTGCAAGGCGAGGGTTCGATCTCTCCCCAGGCTCGGTTTTTTGCAAACTGCGCTCACCTAAC,15
CTGTCCGAGGGGCGCTGCAGCAGGCTCAACCTGTCAGGCTCGGATGGGGCGTTCTCCGGTCGTATCAGTTGCTCCGGAGACTAAACGCACAACGGCGCCCATTCGCA,15
GCCCCCGAGGAGCGTTGCAACGGGCCATACGCGCCCGCCAGGCTCGGGGTGTCAACCGCAACGGCGCTCACGAGCT,15
CCATCCGAGGAGCGTTGCAGCGCACCCCTGACCACCGGTCAGCGCGGGGCGTGAGGCTCGGAAATCCATGCAACGACGCTCATCCACT,15
CTTCCGAGGAGCGTTGCAGCGCCATCAGGCGTGAGGCTCGGACCCCATCGCAACCACGCTCACCCGCT,15
CGTTCCGAGGAGCGTTGCGACCTCTCACCGCCAGAGGCCAGGCTCGGAACTGCTGTGTTGTATCCCCTCACAGCCCAGCAACCGCGCTCACCCGTT,15
GCCACCGAGGAGCGTTGCGACCCGGACCATCGGAGTCCGGGCCAGGCTCGGCGGCGGGGTCGACACGACAACGGCGCTCACTCACG,15
ATCTCCGAGGAGCGTTGCAACCCTGCCAACATATTTGGCGGGCCAGGCTCGGAGGTTCGTGATATCCAGCAACGGCGCTCGCTACTA,15
CCGGCTGAGGAGCGCTGCAGCGGACATCCGTCAGGCTCAGCCGGGGGTCTTTTCAACCATGCAACGGCGCTCATCCAGA,15
CTCCCTGAGGAGCGTTGCAACGCACGGTTTGTCCGTCGCCAGGCTCAGGGACCTGATCGCAAACCGCCGACCTTTCTGGTCGTTCGTGTTTTCTTTCAACGGCGCTCACCCAAC,15
CTCCCCGAGGGGCGCTGCGACCACCGGCGCGAGCCTCGACCGCCACGCGCGGTGGAGGCCGCGGGACACGCCACGTGTCCGATCCGCTGGCCAGGCTCGGGGATGTCCATGCGACAACGGCGCCCGTGCAGG,15
CTGTCCGAGGGGCGCTGCAGCAGGTTCAACCTGTCAGGCTCGGATGGGGCGTTGTCCGGTCCGGTTACTCCGGCCTGATACTAAACGCACAACGGCGCCCATTCGCA,15
GGTCCCGAGGAGCGCTGCAACGGGGAAAGCCCCTGCCAGGCTCGGGACCTTGGGTGACTCGAGGAACAACGGCGCTCTCGTGAT,15
CACTCCGAGGAGCGTTGCAACGGATGGAGGCCTGCGAAGCACATCGCGCGGCCGGCGGCACAGCCGCCCCATGCCATCCGCCAGGCTCGGACTGTCTTCAACGGCGCTCGCTGATC,15
GGATCCGAGGAGCGTTGCAGCGTCCCACCGACTTGTTCGGCAGCGGGGCGTGAGGCTCGGACCATCCATGCAACGACGCTCATCCACA,15
CGCTTCCGAGGAGCGTTGCGACGGTTCCGCAAGAGGAAACCGCCAGGCTCGGAGCATTCAATCCGGACGGTTCGAAAGCGCGATAAGCGCTCATTGATCCGCCGCATCGAACGGCGCTCACGTCAA,15
CGGCACCGAGGAGCGCTGCGACAGGATCTTCCTGCCAGGCTCGGGCCAGGCTCAGCAACACAACGGCGCTCATCATTT,15
CCGTACCGAGGGGCGCTGCGACTGTCAGGCGGTTCATGCCGCCCAATACAGCCAGGCTCGGACGGCTACCCACAGAACGGCGCCCGGCGAAC,15
CTGTCCGAGGGGCGCTGCAGCAGGGCTGTCTTCGATGGCGCCTGTCAGGCTCGGATGGGGCGTTCCCCAAACGCATCAACGGCGCCCATTCGCA,15
CAGGCCGAGAGGCGCTGCGACGGATCCTCGATCCGCCACGCTCGGCCTGTTGGTAAAGACACAAGGGCGCCTCCGTCGT,15
CTCTCCGAGGAGCGTTGCGACAGGTCAGACCTGCCAGGCTCGGAGAGAACGNNNNNNNNNNNNNNNNNCTCTCTTAATTTCTTTTAAGGAGCACGCAACAT,15
CTTTCCAAGGAGCGTTGCAGCGGGCCGCACGGTCTGCCAGGCTTGGATACATCGCAACGACGCTCACCTGAC,15
CTGTCCGAGGGGCGCTGCAGCAGGCATGACCTGTCAGGCTCGGATGGGGCGTTGTTGGTACAGGGCTCCCTGTATGGACACTAAACGCACAACGGCGCCCATTCGCA,15
GATTCCGAGGAGCGCTGCAGCCCCTGGCCCGTTGAGACATCGGGTCACGGTGTGAGGCTCGGAAAACCGTCCATCAAGTGATAACGGCGCTCACCCACT,15
CGTTCCGAGGAGCGTTGCGACAGAGAGGTCCCTCTCTGCCAGGCTCGGATATCCAAGCAACTGCGCTCACGTTAC,15
GAACCCGAGGAGCGCTGCGAGGCATTTCGATCTTTGCCCTAGGCTCGGGTTCACCTTTGAAACGGCGCTCGCTTATC,15
GATTCCGAGGAGCGTTGCGACGAAGATTCCCATCTTCGCCAGGCTCGGATATCAGCAACCGCGCTCACGTTAC,15
GCTTCCAAGGAGCGTTGCAGCGGGCCGCACGGCCAGCCAGGCTTGGATACCTTTCAACGACGCTCACCTGAT,15
CATTCCGAGGAGCGTTGCAACCGCATGCCAAACATGCGGCCAGGCTCGGGATCGAATCTTGCACCGCCGTTTCCACCCGAAACAGCTGCTGTGCCGATTCATTGCAACCGCGCTCACCCGCT,15
CTAACCGAGGAGCGCTGCGACAGGGTTCCCTGCCAGGCTCGGTTTTCGCGCACTGCGCGGCAAGAACGGCGCTCACCTGTC,15
CAACCTGAGGAGCGCTGCAACGGGGACTTCCCGCCAGGCTCAGGTTCATGTAACGGCGCTCGCTGACT,15
TTGAATAAGGAACGCTGCGCCGGGTTACCCCTGTTAGGCTTATTCAAGAATGATCATTTTATTATAATCAACGGCGTTCATTATTA,15
CGTTCCGAGGAGCGCTGCGACGAACTATGCTTCGCCAGGCTCGGAGATCCCCAACCGCGCTCACGTTAC,15
CACCCCAAGGAGCGCTGCAACCCGGTCCCGACGACCGGATCAGGCTTGGGGCGCAAGACTCATGAATTCAACGGCGCTCTCAAATC,15
CATCCGAGGAGCGTTGCAGCGTCCCCACTTGCGGGGCGTGAGGCTCGGACCATCCATGCAACGACGCTCATCCACA,15
CTTACCAAGGGGCGCTGCAGCTGGCGCCTGTCCAGACCCCGGTCCGGCAGGTTGTTCGGTCAGGCTTGGGGACTCCAACTGCGCTCACTTGTT,15
CTGTCCGAGGGGCGCTGCAGCAGGCTAGGCCTGTCAGGCTCGGATGGGGCGTTGCTCGCTCCCGCGAGCGCTTAACGCACAACGGCGCCCATTCGCA,15
GGTTCCGAGGAGCGCTGCGAGGCGGATCGCCGTCCCCAGGCTCGGAAAGGCAATAACCGCGCTCGCCTATT,15
CCTGCCGAGGAGCGCTGCGACCCCCTGATCGATCCGGGGCCAGGCTCGGCAACCGATCAACGGCGCTCACAAACC,15
CAGGCCGAGGGGCGCTGCGACGGGGACGACCCGCCACGCTCGGACTGGAAACACCGACACAAGGGCGCCTCCGAGAT,15
GCCTCCGAGGGGTGCTGCAGCGGGACTGGACACCGGTCTCCCGTCAGGCTCGGAGCCGCAACCGTTTCAACGGCACCCATTCATT,15
CGTATCCAAGGAGCGTTGCGACAGACACCGTCTGCCAGGCTTGGTACAGTCATTTTGCAACTGCGCTCACGTTAC,15
CTAGTCGAGGGATGCTGCGACGTTTTACAGGCACAAAATGTAAAAGCGCCAGGCTCGACGATCGGTTAAATATTCTTTTAACCAACAACGGCATCCGCGAACT,15
CGGCCCGAGGGGCGCTGCGAGGATGATCCATCCCCAGGCTCGGGCCGCTCCCGCTTCAACGGCGCTCACCTGAT,15
GCTTCCGGGGAGCGCTGCGAGGCTAGTCCCCAGGCCCGGAACCTTCAAAACGGCGCTCACCTGCT,15
GGTGCCGAGGGGCGCTGCGACGGGCCCGGCCCGCCACGCTCGGCACCGTCTCCTGCAGCAAGGGCGCCTTCTCACC,15
GTATCTGAGGAGCGTTGCGACGGGACGACCCGCCAGGCTCAGATAGTGGTTGCACATACCAACGGCGCTCAGTCATT,15
CAGGCCGAGAGGCGCTGCAACGGACGGTTCGACTCCGTCCGCCACGCTCGGCCTGATCCACTCCATGCAAGGGCGCCTCCTATTT,15
GTTTCCGAGGAGCGTTGCGACGGGCAATCCGCAAGACACCCGCCAGGCTCGGAAGCATTCAATCCGGACGGTTCGAACGCTCTTTTGGTCATGAAAGGCGCCCGCGGAGCCTCCGCATTCGAACGGCGCTCACGTCAA,15
CTGTCCGAGGGGCGCTGCAGCAGGCCAATCACAGCCTGTCAGGCTCGGATGGGGCGTTACCCAAACGCATCAACGGCGCCCATTCGCA,15
GACTTCGAGGAGTGTTGCGAGGCCCCAAGCCCCAGGCTCGAAGCGGATTGTCCCAACGGCACTCACCTGTA,15
GCTTTCGAGGAGCGTTGCGACGGGTACCGCGAATTCTTATTCGCCGGCCGCCCGCCAGGCTCGAAGGCTTCAATTCGGAGGACCAGGCTGCGCATCTCGCGCCGATCCTTCGCATCAAACCGCGCTCACGTCAC,15
TGCCCCGAGGAGCGTTGCGATGGCGTCGGCCACCAGGCTCGGGGCGAGCCGCGGCACCGGTCGCGGCCGCAGCAACGGCGCTCGTCCCAT,15
CTGTCCGAGGGGCGCTGCAGCAGGTTCGACCTGTCAGGCTCGGATGGGGCGTTGCCCGGCCACGATCGGCTGGACACTAAACGCACAACGGCGCCCATTCGCA,15
GTGGTCGAGGGGCGCTGCAGCTTCGTCCACCTTCCCCCTGCGCGAAGGTGCCCGATGAAGTCAGGCTCGATCCGGTCTTTCCTTCCAACGGCGCTCGCTTTCA,15
CCGGTCGAGGGGCGCTGCAGCGGGCTGCTCTTGCATGGAGCAGCCCGTCAGGCTCGACCGGGGCGTTTATCCGAACGCATCAACGGCGCCCATTCGCA,15
CTGTCCGAGGGGCGCTGCAGCAGGTTCTCCTGTCAGGCTCGGATGGGGCGTTGCCTGCACGGGGTTCCCCGCACGGGCACTAAACGCACAACGGCGCCCATTCGCA,15
TTCCCTGAGGAGCGTTGCAACGGAACCGTTCCATCGGACCCCGACTTTGTCGGGGACCCCCGGTCCGCCAGGCTCAGGGCCATCTTCCGCAACCGCGCTCGTTAACC,15
TTGTCCGAGGAGCGCTGCAAAACTGTCGCTTGACAGTTTCAGGCTCGGAACCTTAAACGGCGCTCATCCAAC,15
CCACTCGAGGGGCGCTGCAGCAAGAGAGTGATTCTTGCGAGGCTCGAGCTGGATACCCCGGATTCAACGGCGCCCGCTATTT,15
CTGGTCGAGAGGCGTTGCAACGGATATTTTCGGGGGTCCTGGGCCCCTGGTATCCGCCACGCTCGGCAGAGTCAAGGACGCCTTCCGCTACGGAAGGACGTACGTGAACGGCGCTGAATCAGA,15
CCAACCGAGGAGCGCTGCAACGGATTTCTTCCGTCAGGCTCGGCTTCCAAACACCGCGCTTACCTGAT,15
CAGTTCGAGGAGCGTTGCAGCTCACATGGGTGGCCAGGCCATCGTGCTGAGTGAGGCTCGGACCCCGCTGTTGTTTTTAACGCAGCGTTTCACAACGGCGCTCACCCACG,15
TGTCCTGAGGGGCGTTGCGACATGACTTACCCGTCATGCCAGGCTCAGGATACGATCAGGTAACGAACCGCGCTCATCATAT,15
TATCGAGGAGCGCTGCGACGGGCTGGATTTATACCGGCCCGCCAGGCTCGGTTCAAAACCGCGCTCACCTGTA,15
TCTTCCAAGGAGCGTTGCAGTCGGCCACATGGCCGGTCAGGCTTGGATGACCCCAACGACGCTCACCTGAT,15
CCCGTCGAGGGGCGCTGCGACCGTTGGTGCATGCGGATCCGTCCGCAACCGCCTGCACATCCCTGTGCAGACTGCTCATCCAACGGCCAGGCTCGGCGGTTCCTTTCACAACGGCGCCCGGTTTGT,15
CCCTCCGAGGGGTGCTGCAGCGGGTCTGGGCAACCAGCCCCCCGTCAGGCTCGGAGCCAGTGGTTCAACGTTTCAACTGCACCCATTCATT,15
TTTTCCGAGGAGCGTTGCGACGGACCTTCTGCGTCCGCCAGGCTCGGAAGGCTTCACCAGGCAGCCGTGCGGCGACATTCGCGCCGGCCCGCCTCCTGAACGGCGCTCACGTCAT,15
CGCTTCGAGGAGCGCTGCAACGGGCCTTTTGCCCGCCAGGCTCGAAGACGGGGCGCTATTTGCACAACGGCGCTCACTCAAG,15
CGCATCAAGGAGCGTTGCGACAGATCGTTCGATCTGCCAGGCTTGATGCGGTCAGTACCTGCAACTGCGCTCACGTTTC,15
TTTTCCGAGGAGCGTTGCGACGGACCATCCAGCGTCCGCCAGGCTCGGAAAGCTTCACCAAGCGGCCGGGCCGCGGCGCAATGCGCCGGCTCCCGCTTCCTGAACGGCGCTCACGTCAC,15
TTCGTCGAGGGGCGCTGCGACGGCACGCACGGGCGTTCCTGCCAGGCTCGCTGAGGTGGATTAATAACGTGCAACCGCGCCCGTTCATC,15
GCGTTCGAGGAGCGTTGCAGCCCTTGCGCCTGTCCCGCAGGCCCAGAGGTGAGGCTCGAACCCCAGGGCGGCAGGCCCTGCCTTCCAACTGCGCTCACCCACC,15
CCCGCCGAGGGGCGCTGCGACCGTCGTCGTGAATGCGGATACGTCCGCAATGCCCCGCACATCCCGTGCGGACTCTTCACGACAACGGCCAGGCTCGGCGCGGCACGTTCCACAACGGCGCCCGGTTGCT,15
CTTCCGAGGAGCGTTGCAGCGCCGCCCGACACGAGGTGGCGCGAGGCTCGGATTCCATTTGCAACGACGCTCGCCCACG,15
CTCTCCGAGGAGCGTTGCGACCCCGCACCTGATGCTTCATGCATGGCCAGCTAAAGGCAACGTTGCATGAAGCATCAGGTGCGGGGCCAGGCTCGGAGGGAACGTCAGTTAAAACAACGGCGCTCGCTCAAT,15
CTGTCCGAGGGGCGCTGCAGCAGGTTTTCCCTGTCAGGCTCGGATGGGGCGTTGTTTGACCGGTCCACTGGTCAAGCCTTAAACGCACAACGGCGCCCATTCGCA,15
TTTTCCGAGGAGCGTTGCAACCTCACCCGCTTGAGGCCAGGCTCGGAAAACCACACCCCCTTGCAACCGCGCTCACCCGCA,15
CTTCCCAAGGAGCGTTGCAGCGGGCCGGTGCATGGCCCGTCAGGCTTGGGCTGATCTTGTCAACGGCGCTCACCTGTC,15
TTGGCCGAGGGGCGTTGCGTCCCTGTGAAACGGTGTCGTTGTGTACGACCGCCGTGCTCGCAGGGTCAGGCTCGGCATCCTTTTGCAACCGCGCCCATCTCAA,15
GCTCTCAAGGAGCGCTGCAGTGCCACCCCCACACGCTGGTGTCGGGGCTGGCGTCAGGCTTGAGAGCTCGGGCGTCCACCGCCCCGCCGGCTTGCCCGGCCCCAACGGCGCTCACCAGTT,15
CTGTCCGAGGGGCGCTGCAGCAGGTTTACCTGTCAGGCTCGGATGGGGCGTTGCTGGCCACAGTCGGCCAGATACCAAACGCACAACGGCGCCCATTCGCA,15
GATTCCGAGGAGCGCTGCAAGGTGCCGCAAGGCCCCCAGGCTCGGAACCCGCCAGGCCGCCACGGCCGCGGGCATTTTTCAACGGCGCTCACCTGAA,15
CTGTCCGAGGGGCGCTGCAGTGCATGACGAAATTCATGCGCGAGGCTCGGGCAGGGTGTCGCAAACGCAACGGCGCCCATTCCCC,15
TAAACCGAGGAGCGCTGCGAGAGGCTGTTCCCTCCCAGGCTCGGTTTCCGCATCAACGGCGCTCACCCTCA,15
CAGGTCGAGAGGCGCTGCAACGGACCCAGGTCCGCCACGCTCGGCCCGCACCGGTCACCAAGGGCGCCTCCCACAA,15
CCTGCTGAGGAGCGTTGCGTCCCCGGGGTAGATACGGGGGTCAGGCTCAGCTAAATTCAACGGCGCTCGCATCGG,15
ACGCCTGAGGAGCGTTGCGACGGGGTGGACGTGGATCGCGATTGCGGTAGCCCGCAAACGCGAAAACGCGATGTCCCCCGCCAGGCTCAGGCACCAGTTCGGCCGTCCACGCAAGGCGTGGCGGCATGCAACGGCGCTCACCTTTG,15
GCAACCGAGGAGCGCTGCAACCCGCCCGCGCGGGCCAGGCTCGGTTCAGATCCAACGGCGCTCACCCGTC,15
CTTCCCAAGGAGCGTTGCAGCGGGCCGATCGACAGATGCCCGTCAGGCTTGGGACCGCATCCGCAACGACGCTCACCGGCC,15
ATTGCTGAGGAGCGTTGCGACTACCGCACTGGTTTTTTAGTGGCTGGTTCCAGGCTCAGCAAGGGTACGAAGGTGACGGGTGTTCCCGTTTTCCACAACTGCCCCAAGAATCAACGACGCTCGCATCCG,15
TTTCCTGAGGGGCGCTGCAGCGGATCTTCCGTCAGGCTCGGGGAATGCTTTCTTAACCAACGGCGCTCTTCAATT,15
ACGCCTGAGGAGCGCTGCGACGGGGCAAGGCAACAGGCCAGGGCGGATGCCCGGCAGAATGTCCCCCGCCAGGCTCAGGCAACCAGCTGTCGCGCATCGCGTGGCGGCATGCAACGGCGCTCACCTTTG,15
CTGTCTGAGGAGCGCTGCAACGGATCATCGAATCCGCCAGGCTCAGACACCTCCTAAAACGGCGCTCGCTGTAC,15
GTCTTCGAGGAGCGTTGCGACGGGTACCGCGAATCAGCATATTCGCCGGCCGCCCGCCAGGCTCGGAGGCTTCAATCGGAGGGCCAGGATGCGCATCGCGCTCCCATCCACCGCATCGAACCGCGCTCACGTCAA,15
CTCGTCGAGGGGCGCTGCGACCGTTAGGGCGGACTGATCCGCCATCCCGCACCACATGTGCGGAGACACACGGCCAGGCTCGACCAGCATTCACCGTTCAACGGCGCCCGGAACTG,15
AGTTCCGAGGAGCGTTGCAACCTTCAGCAAGAAGGCCAGGCTCGGATCTCTACATTGCAACCGCGCTCACCTGCA,15
GGTCTCGAGGGGTGCTGCAACAGTAAAGTAATATACTGCCAGGCTCGAGCATGTCATTTATTGAACGGCATCCGCGAATT,15
CCCGCCGAGGGGCGCTGCGACCGTGGGGCACACGTCCCATAGGCCAGGCTCGGCGCGGCGTCCCACCGAACGGCGCCCCCGTGCT,15
CTGCCCAAGGAGCGTTGCAGCGGCCCCCCAACCGGGTGGCCGTCAGGCTTGGGTACCGAAAGAGCCCCCGCAGGCCCCACCGCAACGACGCTCACCTGTT,15
CGTTCCGAGGGGCGCTGCGACCGTTGGGTGGACCCGTCCACTACAGCCCGTGTTCCTGCACGGACTTCCCAAACGGCCAGGCTCGGACGGCTTTCACGCAACAACGGCGCCCGGCGAAC,15
CCATCCGAGGAGCGTTGCAGCGTTCCCCCGGCCAGCCATGAGCTGGTCTGCGCGGGGCGTGAGGCTCGGATTTCATCCCGCAACGACGCTCGCCCACG,15
CTCTCCGAGGAGCGTTGCAGCGGCCCCCACACATCAGGCGTGGTCGCGAGGCTCGGAGTCATACCTGCAACGACGCTCGCCCACG,15
CTTGCTGAGGAGCGCTGCATCCCCTGCTCACCGGGGGTCAGGCTCAGCGAAATAAACGGCGCTCGCATCGA,15
CTTCCGAGGAGCGTTGCAGCGTCCCCAGCACAGGCGGGGCGTGAGGCTCGGAGTCATCAAGCAACGACGCTCATCCACT,15
CGTTTCGAGGAGCGTTGCGACGGCTGACGGCCGCCAGGCTCGAAACGCTTCGATCGGCGGTGCCGTTTTGCGCGTTCAACGCTTGCGGTCGTCGTCACAACGGCGCTCACGTCTT,15
TGCTCCGAGGAGCGTTGCAGCGAACCGGTGGCCTGTTATCTGTCAGGCTGGTTTGCGAGGCTCGGACTTCATGCACGCGTGATGTGGCTTCGCCGTCTGGCGCCCGACACTCCATGCATTCGCAACGACGCTCATCCGCC,15
CTTTCCGAGGAGCGTTGCGAGGCCGCCGCCAGGCGCCCCAGGCTCGGAACTTCGATCTGCAACCGCGCTCACCCGCA,15
TCCCCTAAGGAGCGCTGCAGCAGGTTGTCCTGTCAGGCTTGGGCGGTAAGGTTTCCTATAAACGGCGCTCATTGATT,15
CCCTCCGAGGGGTGCTGCAGCGGGTCTGGACAACCAGTCCCCCGTCAGGCTCGGAGCAGCGATTTCGTTCCAACGGCACCTGTTCATT,15
TGTTCCGAGGAGCGTTGCGACCTCCCCACCCATCGAGGCCAGGCTCGGAACCGCCGCGCGACGACATGCCCGCGGCCATGGCAACCGCGCTCACCCGTC,15
CCGTCCGAGGAGCGTTGCGACGAAGAAATTCGCCAGGCTCGGAATATCCTGCAACTGCGCTCACGTACC,15
TCTACCGAGGAACGTTGCAAGGATGTTCATCCCCAGGCTCGGTTGCCGCAGCGCAAGCTGTGTAAACGGCGTTCACCAGAT,15
CAACCCAAGGAGCGTTGCAGCGGAACCCAGCGTCCGTCAGGCTTGGGTTACGGCGGCCGCCGCGCGGCGGCCTTCTGCAACGACGCTCACCTTAG,15
CTGTCCGAGGGGCGCTGCAGCAGGTTCAACCTGTCAGGCTCGGATGGGGCGTTGTCTGGCCAGGCCTGCCTGCCGACACTAAACGCACAACGGCGCCCATTCGCA,15
GATCCCGAGGAGCGCTGCAACGGGTTCCGGCATCGCCGGAGCCGCCAGGCTCGGGACTCTTCCCTCTGTTGCAACGGCGCTCGTTGAAC,15
CCTCCCGAGGAGCGTTGCAACGGATCGTGGCGTCACATGCCCTCCGCCAGGCTCGGACTGTCTTCAACGGCGCTCGCTGATC,15
TAACTCAAGGAGCGTTGCAGCAAAACATCCGTTTTGTCAGGCTTGGGTAAACAGGGCCGCATCATCCCCTTTTAGCAACGACGCTCACCTTTA,15
GTCTTCGAGGAGCGTTGCGACGGGTTCGGCCCGCCAGGCTCGAAGGCTTTCAATCGGAAGGATTGGACGCGCGCCGCGCTAACAACCCAACCGCATCGAACGGCGCTCACGTCAC,15
CCTACCGAGGGGCGCTGCAGGAGAACACTCCCAGGCTCGGTTTAAAACGGCGCTCACTGATC,15
ATATCCAAGGAGCGTTGCAGTGGGTCAGAAGGCCCGTCAGGCTTGGATGACCCCAACGACGCTCACCTGAT,15
CCAACCGAGGAGCGTTGCAGCGCCGTCAGGCGTGAGGCTCGGAATTCACACGCAACCACGCTCACCCGCA,15
CGGGCCGAGAGGCGCTGCGACGGATTTTCTTCCGCCACGCTCGGCCTGCACCACGATTCCAAGGGCGCCTCCCGCGA,15
CCACCCGAGGGGCGCTGCAGCAGGTTCTCTGTCAGGCTCGGTTGGGGCGCGTTCGACCAGCATGGTCACACGCACAACGGCGCCCATTCACA,15
TTCGCCGAGGGGCGCTGCGACCGTGACGCAAGGGCACGGCCAGGCTCGACGAACCGGCGGCAGGCCCCTGCCGCGCACCAACGGCGCCCGATGTCC,15
CCACCTGAGGAGCGCTGCGACGGGATTCCCGCCAGGCTCAGGCCGTCCCAACTGCGCTCGCAACCC,15
CCCGTCGAGGGGCGCTGCGACGGCGCGCAGGGGCGCGCCTGCCAGGCTCGATGGGGTGGAGATTTCGTGCAACGGCGCCCGTTCATC,15
CAACCTGAGGAGCGTTGCGACAGATCACCAACGGTGCATCTGCCAGGCTCAGGTTGACGGCACAAATAGCAACGGCGCTCAGTGTGA,15
GGCATCGAGGAGCGCTGCACCACGCCAGATGACAGGGTGGGAGGCTCGATGCCGGGGTTTCAACGAACAACGGCGCTCAACCGCA,15
CACTCCGAGGAGCGTTGCAACGGACGGCGCGCGGGCCCAACCCCGCATTCTGCCATCCGCCAGGCTCGGAATGTCTTCAACGGCGCTCGCTGAAC,15
CAGGTCGAGGGGCGCTGCAACGGGCCGGAGGTCCGCCACGCTCGGCTGGAACCACTCCGTAAGGGCGCCTCCCGTCA,15
CGCCCCAAGGAGCGTTGCAGCGGACCACCCCGGTCCGTCAGGCTTGGGGCGGCGGTTTTTCCCAACGGCGCTCACCAGAT,15
CTTCCGAGGAGCGCTGCAAGGTAGACGGCCGGATGGCCGCGACCCTAGGCTCGGAACCTGATAGACAACTGCGCTCACCCACC,15
CTTTCCGAGGAGCGTTGCAGCGCCCCCACCATGCGGGGCGTGAGGCTCGGAATTCGATCCAGGCAACGACGCTCACCCACT,15
ACGCCTGAGGAGCGTTGCGACGGGTCGCGCGATAGCGCCGCCCGCCAGGCTCAGGCCTCTGGTTCGGCTGCCGCGCAAGGCGCGGCGGCATGCAACGGCGCTCACCTTTG,15
GCCGCCGAGGGGCGCTGCGACCACGACGAAGATCGTGGCCAGGCTCGGTGGAAACCATGGATCGAACGGCGCCCGGTGCCC,15
TTCCCTGAGGGGCGCTGCAGCGGGGTACCCCGTCAGGCTCAGGGAGACCAGCTTTAAAAACAACGGCGCTCGCCTTTA,15
CTCCCAAGGAGCGTTGCAGCGGCCCACCCGGATGGGTGCCGTCAGGCTTGGGAACACCAACGACGCTCGCCTGAT,15
TCCGCCGAGGGGCGCTGCAAGCCCGGTCCGCACCGCGGACAAGGGATCAGGCTCGGCTGAGGTTCCGTACCAACCGCGCCCGTTAGAT,15
GCTTCCGAGGAGCGCTGCAAGGTCGGGCCGTATGGCTCAAACCCTAGGCTCGGAACCTGTTTTCAACGGCGCTCACCTACC,15
CCTGCCGAGGAGCGCTGCAACGGGCAAGTCCCGCGAGGCTCGGCAAGGAAGGATTGCAACAACGGCGCTCGTTCATT,15
CCCGCTGAGGAGCGCTGCGACCGGGAACGCCCGGCCAGGCTCAGCAAAATCAAACGGCGCTCGCATCGG,15
CTGTCTGAGGAGCGCTGCAGCGGTTTTTTCCGCCAGGCTCAGGCGGCATTCCCAGGTCGTGCGGGCTGTGTCCTGCCGACCTCACAAGGCTCAATGCCCTGTGCTTTCTTAAAAAACGGCGCTCGCTGTAT,15
CTTTCCGAGGAGCGTTGCGGCTCGTCCCGCCTGTTTCACCAGGCCGACGGGTTAGGCTCGGAACCCAGGGCGGCATGCCCTGCCTTCCAACTGCGCTCACCCACC,15
CCTTCCGAGGAGCGCTGCGACCCGCCGTACGGCTGGCCAGGCTCGGAATCAACACCGCGCTCACGTTAC,15
CTGTCCGAGGGGCGCTGCAGCAGGCTCGACCTGTCAGGCTCGGATGGGGCGTTCTCCGGTCGTGATGATGCGCCCGGATACTAAACGCACAACGGCGCCCATTCGCA,15
GTTTCCGAGGAGCGTTGCGACGGGCACCGGCCCGCCAGGCTCGGAAATCTTCACCAGGCGGTGGCCCGCC,15
TCGCCCAAGGAGCGTTGCAGCGGCAGCCTGATCCCACCCCACGATGGTGGCCGGCTGCCGTCAGGCTTGGGCGCCCTGCCTTGGCCCCATCGCAACGACGCTCACCTGTT,15
TGGTTCAAGGAGCGTTGCGACAAACCGTCAAGGGTTTGCCAGGCTTGGACAAGGGTGCCGCAGGCGCCCAGCAACGACGCTCACCGAAT,15
CCTTCCAAGGAGCGTTGCAGCGGGCCACACAACCCGTCAGGCTTGGATATACACAACGACGCTCACCTGAC,15
AATTCCGAGGAGCGCTGCAAGTCCGCTTCGCCAGGCGAAGCCCTCCCAGGCTCGGAAAAATGCAGTAAACGGCGCTCACCTTAC,15
CTTTCCGAGGAGCGTTGCAGCGGCCCGCCGTGTTCACGGTGCAGTCGCGAGGCTCGGATTTAATTGCAACGACGCTCGCCCACG,15
GGTCTTGAGGAGCGTTGCGACAGCGAATCCGCTGCCAGGCTCAAGATCCTTCCCATTGGCCCCGCCGGCCGCCGGTTTCCCCCGGATCGTTGGCGTGTGGGCCCCAAGAACGGCGCTCACGTCCC,15
TTGCCCGAGGGGCGCTGCACCGGCGCGGCGGCGGAATCCGATGGATCCCGCCCGCGCCGCCAGGCTCGGGATTCCTTCTTCAAACGGCGCCCATCGCCG,15
TTCGCCGAGGGGCGCTGCGACCGTGACTTCGAGCACGGCCAGGCTTGGCGGGACCGATGGGCACGTCCAGTTCCAATGGCACGCCCGTCCGCAACAACGGCGCCCGGTTGCC,15
TAGACTGAGGAGCGCTGCAACGGGCATCTATCCGTGAGGCTCAGTATATGAGGATAGCAACCTAACGGCGCTCGTTCATT,15
ACCTTCAAGGAGCGTTGCAAGGATTGCTGAGACCCAGCACTTCCCCAGGCTTGAAGGGAGTGGGCTCCTAAACGGAGTTTGCTAATTGCAACCGCGCTCGCTAACC,15
GTCTTCGAGGAGCGTTGCGACGGGTACCGCGAATCCCTATATTCGCCGGCCGCCCGCCAGGCTCGAAGGCTTCAATCGGAGGGGAGAATGCGCATAGCGCTTTTCCACCCACCGCATCGAACCGCGCTCACGTCAA,15
CCGTTCGAGGGGCGCTGCAGCAGGCCTAGGCCTGTCAGGCTCGAACGGAGCGCGCTCTCAGGCCGGCCTCGCCGGTCTGTCAACGCACCAACGGCGCCCATTCGCA,15
AGTTCCGAGGAGCGTTGCAAGGTCGTCCTGACCCCAGGCTCGGAGCCCTTCATTGCAACCGCGCTCACCCGCA,15
CCACCTGAGGAGCGCTGCAACGGGGTTCCCCGCCAGGCTCAGGTTCTGCAACGGCGCTCGCTGACT,15
CTTGCCGAGGAGCGCTGCGAGACTTTCGTCCCAGGCTCGGCTTCCGGAACTGCGCTCACCTTAA,15
CTGTCCGAGGGGCGCTGCAGCAGGTCAGACCTGTCAGGCTCGGATGGGGCGTTGTTTGCTCAAGGCTCTTCAGCAGCCTTAGCAAGCCTTAAACGCACAACGGCGCCCATTCGCA,15
CATTCCGAGGAGCGTTGCAGCGCCCACCAGCCCCAAAGCTGGCAGCAGGCGTGAGGCTCGGAACCTTCAAACAGCAACGACGCTCATCCACT,15
GATTCCGGGGAGCGCTGCGAGGCCATGCCCCAGGCCCGGAAACGCAAAACGGCGCTCACCTGCT,15
CAGGTCGAGAGGCGCTGCGACGGGCCTGACCCGCCACGCTCGACCCTGATTCGCAGCACAAGGGCGCCTCCGATGA,15
CGGGTCGAGGGGCGCTGCAGTCGTCATGCCTCCTGCGCTGATCCGGCCGGATGATTTCCCGGCCGGGAAGGCGGCGGGGTGACGATCAGGCTCGGCCTATGCTTCCCATCTGTGAAACCGCGCTCGCTTTCA,15
CCGCCTGAGGAGCGCTGCAACGGGCAAAGTCCCGCGAGGCTCGGCAGGGGGAAATCGCAATAACGGCGCTCGTTCATT,15
CAGGCCGAGAGGCGCTGCGACGGGCCCGGCCCGCCACGCTCGACCTGGGAGCATGTGGACCAAGGGCGCCTCCGAGAC,15
CGGGTCGAGAGGCGCTGCAACGGACCACGCCGGTCCGCCACGCTCGATCCGTAGTCCAGTAGAGCTGTAAGGGCGCCTCCCATGA,15
CCGACCGAGGGGCGCTGCAGCAGGTTCGCTCCTGTCAGGCTCGGTCGGGGCGTTGTCCGCAGGCAGCCTTGCGGACTCTCAACGCACAACGGCGCCCATTCGCA,15
CTGTCCGAGGGGCGCTGCAGCAGGTCAGACCTGTCAGGCTCGGATGGGGCGTTGTTTGATCAGGCTCTCGCCGATCAAGCTTTAAACGCACAACGGCGCCCATTCGCA,15
CTTTCCGAGGAGCGTTGCAGCGTCCCCAGCACGGCGGGGCGCGAGGCTCGGAAGTCATACCCAGCAACGACGCTCACCCACG,15
GTTTCCGAGGAGCGTTGCGACGGGCACGGCCCGCCAGGCTCGGAAACGGTCAACCAGGCGGTTTGGCATCGTCATTGCCGGCCGCTTACTTGAACGGCGCTCACGTCAC,15
GCCTTCGAGGAGCGTTGCGACGGGTACCGCGAATCAGCATATATTCGCCGGCCGCCCGCCAGGCTCGAAGGCTTCAATCGGAAGGACCGGATGCGCATTGCGCTTTCCAGTTCACCGCATCGAACCGCGCTCACGTCAA,15
CGGGTCGAGAGGCGCTGCAACGGGCTGCTGGGACCACCACCCCAGCCCGCCACGCTCGACCCGTTTTCCGATCCGCAACAAGGGCGCCTCCCACTT,15
GATTCCGGGGAGCGCTGCGAGGCTAGCCCCCAGGCCCGGAACAGTTCAAAACGGCGCTCACCTGCT,15
CTTCCTGAGGAGCGTTGCAAGCCACACCACGTGGACCAGGCTCAGGACTTCATTGCAACCACGCTCACCCGCA,15
AATCCTGAGGAGCGTTGCGACGACCCTGCGGTTCCCGCCGTGCTGTGATCCAAAACAGCCACGCCACGCGGAACCCGGCTCGCCAGGCTCAGGAATCCTTGTTCAAGCGCCGCGCCCTGCGCGTCGCTACAGCAACGGCGCTCACCTTTG,15
ACATCCAAGGAGCGTTGCAGCGGGTGGCAAAGACCCCGTCAGGCTTGGACCATGTTGTAACCGACCGCAACGACGCTCACCTGGT,15
GCGGCCGAGAGGCGCTGCAGCGGACGATCGTCCGCCACGCTCGGCCCCATCTCTTGCAGAAAGGGCGCCTTCTTGCG,15
CTTTCCGAGGAGCGCTGCGAGAGGACACGGTGGCCGGGCCGCCACCTCCCAGGCTCGGAGAGCCTTGTATCCAACCGCGCTCACCCTGC,15
CGCGCTGAGGGGCGCTGCAGCAGGTCAGGATTTTCCCGCCTGCCAGGCTCGGTGCGCACACTGCCATCTACGGCAACGGCGCCCATTCATC,15
CTCGCCGAGGAGCGTTGCGACGGGGCCCCGCCCCGCCAGGCTCGGCGATCCCAAATCAGCAACGGCGCTCACGAACT,15
CTCGCCAAGGGGCGCTGCGACCGTGGATAGGCACGGCCAGGCTTGGCGGAACTTTTCTGTAACGGCGCCCGGTCAAG,15
ACCTTCAAGGAGCGTTGCAAGGAATGTTGAGACCCAGCACTTCCCCAGGCTTGAAGGGAGTGGGCTCCTAAACGGAGTTTGCTAATTGCAACCGCGCTCGCTAACC,15
GGTTCTGAGGAGCGCTGCGACGGTTCACCCGCCAGGCTCAGGACGCTTCCTTTCAACGGCGCTCACGTTTT,15
CTTACCGAGGAGCGCTGCGAGGTTTTAGCCCCAGGCTCGGTTCTTTACCGGCGGTTTTTCCCGTCAAGTAACGGCGCTCACCTGAC,15
CCCGCCGAGGGGCGCTGCGACCGTCATCCGCGGAACTTTCCGCAAAGCCCGTACCCGCTACGGACTTCGAGAATGACGGCCAGGCTCGGCGAGGCGTAGTCCCAACGGCGCCCGGTTTGA,15
CGTGCCGAGGAGCGCTGCAGCGGGGTGGGACCCCGTCAGGCTCGGTACGGAGCATCAAACTGCAGTAACGGCGCTCATCCATC,15
TTCGTCGAGGGGCGCTGCGACCGTGGATAGGCACGGCCAGGCTCGACGAGGTGCACCAAGCAACGGCGCCCGCTCGAT,15
ATCCCTGAGGAGCGCTGCGACGAACGCCGGATACGGCACGCCAGGCTCAGGAATCCTTGTCCGGGCGCCGCATGCGGCGCCTTTGCAACGGCGCTCACCTTAG,15
CAGTCCGAGGAGCGCTGCAAGGCTGTTGTCCCACAGTTTCAGGCTCGGATCCATCAAACGGCGCTCATCCCAC,15
CCAGCCGAGAGGCGCTGCAACGGACAATGACGTCCGCCACGCTCGGCGTGGGCGTTGTGACGTAAGGGCGCCTCCTGAGA,15
TATTCCGAGGAGCGTTGCAGTGCTACCTGGCGTTTGTGAGGGAGGACGAGGCTCGGATCGGTCCGACGAAAGACTTTCCAACGACGCTCGCCCGCT,15
CCGTTCGAGGGGCGCTGCAGCACGCTGCGTTATCCCATCCTAGCCGACCCGCCCCTGGCGCGGGACCCTCGGCGGGCATGACGCCAGACGTTGTCAGGCTCGAACGGAGCGTTGTCAGAACGCATCAACGGCGCCCATTCGCA,15
CCCGCCGAGGGGCGCTGCGACCGTTTGATGTGAATGCGGCTCCGTCCGCTTCACCCGACCGGCCAGGCTCGGCGCGGCACGTTCCACAACGGCGCTCTCACGCG,15
CACCCTGAGGAGCGCTGCAACGGGGTTTCTCCCCGCCAGGCTCAGGTTCGTGCAACGGCGCTCGCTGACT,15
CTGTCCGAGGGGCGCTGCAGCAGACCCTGTTTCTCAGCGGTTTGTCAGGCTCGGATGGGGCGTTAACCATACGCATCAACGGCGCCCATTCGCA,15
CGATCCGAGGAGCGTTGCAGCGCACCCCTGACCACCGGTCAGCGCGGGGCGTGAGGCTCGGAAATCCATGCAACGACGCTCATCCACT,15
CGTGTCGAGGAGCGCTGCAGCGGGTTTATGCCCCGTCAGGCTCGGCACGGCGCAACAACCGTAGTAACGGCGCTCATCCGAC,15
CAGGTCGAGAGGCGCTGCAACGGACCAAGGCGGTCCGCCACGCTCGACCGGACCCACCCGGACAAGGGCGCCTCCGATTC,15
CTGTCCGAGGGGCGCTGCAGCACCCGGTGACGATCGTAGACGGGTGCGAGGCTCGGACAGACGCTGTGCATAGGCAACGGCGCCCATTCCCC,15
TTTTCCGAGGAGCGCTGCGACAGGAGCATAGCGATCCTGCCAGGCTCGGGGAGGTGAACCGACTGATAACGGCGCTCACTCTGC,15
TCGCCCGAGGAGCGTTGCGACAGTCGATCGACGACTGCCAGGCTCGGGCACGGTGGCGCAAGCCGCTGGTTCAACGGCGCTCACCCGAC,15
ACGCCTGAGGAGCGTTGCGACGGGGGGCCATGGCGCCCGACATACCCGCCAGGCTCAGGCCTCTGTTTGGCTGTCGCGCATCGCGTGGCGGCATGCAACGGCGCTCACCTTTG,15
CTTGCCGAGGAGCGCTGCGACCCGAACTGACGGGCCAGGCTCGGCAACCGAACAACGGCGCTCGCAAACC,15
TTTTCCGAGGAGCGTTGCAGCTCGATATCCTGGCCAGAAACCGGCAGGGGACGCGAGTGAGGCTCGGAGCACGCGGCCCTGATGGGGCTGCGACAGTCAACGGCGCTCACCCACT,15
CCTCTCAAGGAGCGTTGCAGCGGCCAGTCCCTCTCCAGGACCGGGGCCGTCAGGCTTGAGTGGGCTCGACCGGCCCCAACGACGCTCACCAGCC,15
CGTATCAAGGAGCGTTGCGACAGAGTCCCATTCTGCCAGGCTTGATACAGTCAACAATGCAACCGCGCTCACGTTAC,15
CTTCCGGGGAGCGCTGCAAGTTGTGGTTGTGATCCAGCCATGCCCCAGGCCCGGAATTCTCAACGGCGCTCACCTGAT,15
CGTATCCAAGGAGCGTTGCGACAGACATAGTCTGCCAGGCTTGGTACAGTCAACATGCAACCGCGCTCACGTTAC,15
ACGTCCGAGGAGCGTTGCGACAAAATGAACAGGCCCTGCCTTGCGCAGACATATTCTTGTTCTCTTTTTGCCAGGCTCGGATTTCCATCAAAACGGCGCTCACGTTAC,15
TTTTCCGAGGAGCGTTGCGACGGACCATCCAGCGTCCGCCAGGCTCGGAGAGCTTCACCAAGCAGCCGTGCGGCGTTTTTCGCGCCGGCCCCGCTTCCTGAACGGCGCTCACGTCAC,15
TTCGCCGAGGGGCGCTGCGACCGCGACGCAAGAGCGCGGCCAGGCTTGGCGGATTCCAAACGTAACGGCGCCCGATGTCC,15
CTTCCTGAGGAGCGTTGCGACGGGTCGCGCGTTGTCCGCTAGGGGGCGCATCCCTCCAGCCGGACCCCACCCGCCAGGCTCAGGAACTTCCTCTTTCCAGCCGCTTGCCCGTGCAAGCGGCTAGAACGGCGCTCGCCAACC,15
CCTGCCGAGGAGCGCTGCGACCCTGCAATGGGGCCAGGCTCGGCAATGATCAACGGCGCTCGCAAACC,15
CGGACCGAGGGGTGCTGCGACGGAGTCCACACGCTCCGCCACGCTCGATCCGCGATGCCGAGCAAGGGCGCCCTCCCGAT,15
TTGTACCGAGGAGCGCTGCAACGGTCTATCTCGTGAGGCTCGGACAAATGAACAACCCAACAACGGCGCTCTTTCACT,15
CCCTCCGAGGGGTGCTGCAGCGGGTTTGATGACCATTCCCCCGCCAGGCTCGGAGCCATCATCAGTTTCAACGGCACCCATTCATT,15
CAAACTGAGGAGCGCTGCAACGGATAATTCCGTGAGGCTCGGTATGCGAGGACATTGTAACAACGGCGCTCGTTCATA,15
TCCGCCGAGGGGCGCTGCGACCAGGGGCCGTTCCCAGAACGCCACGGGCCAGGCTCGGTGGGACGGTCCTTCGAAACGGCGCCCGGCAACG,15
GCCGTCGAGGAGCGTTGCGACGGGTACCGCGAATCAAACTATTCGCCGGCCGCCCGCCAGGCTCGAAGGCTTCAATCGGAGGGTCGAATGCGCGTAGCGCTTTCGCCACCACCGCATCGAACCGCGCTCACGTCAA,15
CCGCCCAAGGAGCGTTGCGACGGCCGGTTCATCTCCGTGCTGCCAGGCTTGGGCCCGGTGCCGAACGGGTTTGCGTTCGCACCGCTGCAACGGCGCTCACCCGAC,15
GTTTCCGAGGAGCGTTGCGACGGACCACTCCGCCAGGCTCGGAAACTTCACTCGGACCCCCGGTGCGGCTTATGCCCCGGCGGCTCCCCTGAACGGCGCTCACGTCTA,15
ACCTTCAAGGAGCGTTGCAAGGAATACTGAGAACCAGTGTTTCCCCAGGCTTGAAGGGAGTGAACTCCTAGGTAACCCCAGAGTTTGCTAATTGCAACTGCGCTCGCTAACC,15
TTCGCCGAGGAGCGTTGCGACCCGGATCTTCAGGATCTTGGCCAGGCTCGGTGATGGGGTCGACATTTCAAACGGCGCTCACTCACG,15
AATCCTGAGGAGCGTTGCGACGACCTCGTGGTTCCCGCCCTGCACGGCATCGTGCACACCCCGCGTGAAACCCGGTTCGCCAGGCTCAGGAATCCTTGTTCAAGCGCCGCGCCTTGCGCGTCGCTACAGCAACGGCGCTCACCTTTG,15
CTGCCCGAGGGGCGCTGCAGCATTCGCGTGCAGGCCAGGCGAATGCGAGGCTCGGGCAGGTTGGGCATAGGCAACGGCGCCCATTCCCC,15
GTCTTCGAGGAGCGTTGCGACGGGTCCCGCGAATCCGCATTCGCCGGCCGCCCGCCAGGCTCGAAGGCTTCAATCGGAGGGCCCGGATGCGCATAGCGCTTTCCCATCCACCGCATCGAACCGCGCTCACGTCAA,15
CTTGCTGAGGAGCGCTGCGACCTTTTTAGACTAGAGGGCCAGGCTCAGCAATTGAATAAACGGCGCTCACAAACC,15
TTCTTCAAGGAGCGTTGCGAGGATGTTTTCTTATTTAAGAAAACACCCCAGGCTTGAAGGGGCTCTTATGGGTCTTAGCAACGGCGCTCACTAACC,15
CCGGCTGAGGAGCGCTGCAGCGGTTCCACCGTCAGGCTCAGCCGGATGTTCCCTGAAGTACACGGCGCTCATCCAGA,15
CGGACCGAGGGGTGCTGCGACGGAACCGACGCGTTCCGCCACGCTCGATCCGCGATGCCGAGACAAGGGCGCCCTCCCGAT,15
GTTTCCGAGGAGCGTTGCGACAGGTCCCGTCACCCGGGTGCCCGCCAGGCTCGGAACGGCGGTGTCGGACTCCCGGACACCGCCTCACAACGGCGCTCACCGACC,15
CTTCCCGAGGAGCGTTGCAACATGGGCGCAGCAATGGATATTGCGCGGCATGTGAGGCTCGGGGTGGCTCAGGTCAGGTGTACATGCCGGTTGTGCGGCAGGTGGCCCTGTCCATGCGCACATTGGCAACGACGCTCATCCGCA,15
CCCGTCGAGGGGCGCTGCAGCAGTCACCGCAAGGTGGGTCTGTCAGGCTCGATGGGGGGGGGCAACATGTAGCAACGGCGCCCATTGAAG,15
TTCCTCAAGGAGCGCTGCAACCCCATCCGGGGTGAGGCTTGAGGGGTTGGCTTTCATTCAACGGCGCTCTGAAACC,15
TATGGTGAGGAGCGCTGCAGCGGTTGGTTCCGCGAGGCTCAGCATAGGCGGGTATTTGTCACAACGGCGCTCGTTCATA,15
CATGCCGAGGGGCGCTGCGAGGAGGGTGTTCTCCCCAGGCTTGGCGTGCCGCCTGCCGTCCGGCGGGCGAGGCAACGGCGCTCACCTGAC,15
TGCGCTGAGGAGCGCTGCGACTATCGTTGCCGATAGCCAGGCTCAGCGCAGGCGACGTTTCAACCGCGCTCGTTGACT,15
GCCTCCGAGGGGTGCTGCAGCGGGGTTGAGTGTCAATCCTCCGTCAGGCTCGGATGTTCCAACGGCACCCATTCATT,15
TGTTCCGAGGAGCGTTGCGACCTCCCATCCCATCGAGGCCAGGCTCGGAACCGCCGCGCGGCGACACGTCCGCGGCAATGGCAACCGCGCTCACCCGTC,15
GTTCCCGAGGGGCGCTGCAGCGGTCAGACCGCGAGGCTCGGGGGCAGGGCGCATCATTGATGCAACGGCGCCCATTCGTC,15
CACCCTGAGGAGCGCTGCAACGGGGAGGACTCCCCGCCAGGCTCAGGTTCCCGTAACGGCGCTCGCTGACT,15
GGATCCGAGGAGCGTTGCAGCGCACCCCCGACACTGGTCGGCGAGGAGCGTGAGGCTCGGAACATCATTGCAACGACGCTCATCCACT,15
CCCGTCGAGGGGCGCTGCGACCGCGACCAGTTCACGGCCAGGCTCGACGGCATCCTTCCGAAACGGCGCCCGGTTTTT,15
CATTCCGAGGAGCGCTGCAAGGCGTGGCCCACAAGGCTGCCCCCAGGCTCGGATTCAAACTGCGCTCACCTGAA,15
CTGTCCGAGGGGCGCTGCAGCAGGCTCGGCCTGTCAGGCTCGGATGGGGCGTTGTCGGTACGGGGTTCCCCATACGGACACTAAACGCACAACGGCGCCCATTCGCA,15
CTTTCCGAGGAGCGTTGCGACGAAGAGATCCTCTTCGCCAGGCTCGGATATCAGCAACCGCGCTCACGTTAC,15
CTCCCCGAGGAGCGTTGCAGCGGCCTGTGTCCCAGTGCCGTCAGGCTCGGGCCGCATCTTCCTTCGCAACGACGCTCACCTGAT,15
TCACCCGAGGAGCGCTGCGAGGAGAACCCTTCCCCAGGCTCGGGCAGCCGCGGGCCGTTCACCGGCCCGCGACCCAACGGCGCTCACCTGAC,15
TTGAATAAGGAACGCTGCAACAGGTTATTCACCTGCTAGGCTTATTCACGTCGAGATTTTTAAACTGCGTTCATTATTA,15
CCCGCCGAGGGGCGCTGCGACCGTTCGACTGCGGATCCATCCGTAGTAGGCGGCCAGGCTCGGCGCGGCACGTTCCACAACGGCGCCCGGTTGAT,15
CTGCTGAGGAGCGTTGCGACAGGTTTTCCTGCCAGGCTCAGACAGTTGAAGGACAATTTAAGTAACAACGGCGCTCAGTCATC,15
CCTCCCGAGAAGCGCTGCAACAGGGTCACCTGCCAGGCTCGGGAGTGGGAACATGGGTAATGAACGGCGCTTGGTTTTT,15
CAGTCCGAGGAGCGCTGCAAGGCTGTCGTCCAACAGTTTCAGGCTCGGATTCATCAAACGGCGCTCATCCCAC,15
CCGGTCGAGAGGCGCTGCGACGGACAACGAGGTCCGCCACGCTCGACCAGCCCATTGATTCCCAAGGGCGCCTCCTGTCA,15
ATTCCCGAGGAGCGCTGCGAGGTCAATCCCCAGGCTCGGGCTTCTTGCAAACGGCGCTCACCTGAC,15
CCACCTGAGGAGCGTTGCGACGACCGGCATCCCCGCCAGGCCGCCAGGCTCAGGTAACGGATCGGCCGCGGCCCGCCAGGGCGGCACCGGTCCACGGCAACGGCGCTCGCCCCAC,15
CCTACCAAGGAGCGTTGCGACGGCTTCGGCCGCCAGGCTTGGCAGGTGCTTTCCTTTTGGAAAACGACGCTCGCGATCT,15
CCTGCCGAGGGGCGCTGCGACCGGTCAACCGGCCAGGCTCGGAGGGTGGCAATGTAAAACGGCGCCCGGCTAGA,15
GCTCCCAAGGAGCGTTGCAGCGCCCGCCACCCATGGTGCGCCGGGCGTCAGGCTTGGGGGTCTCAACGGCGCTCATTCCTT,15
CTGTCCGAGGGGCGCTGCAGCAGGTTCTCCTGTCAGGCTCGGATGGGGCGTTGTCCGCGCATGCGGACGCCAAGGCGCTGCCTGAACGGTCTTGAGCGAAGGCCAGGCAGCGCCGAACGCACAACGGCGCCCATTCGAC,15
CCCCGAGGAGCGTTGCAGCGGCCAGCCACAGAGCCCCGCCAGGCTCGGGTGTTCTCCGCAACGACGCTCACCTGAC,15
TTCGCCGAGGGGCGCTGCGACCGTGACATGTGCGGATCCTTCCGCAAAAGCCTGCACATCCCTGTGCAGACTTTCCACATAGTCCGGCCAGGCTCGGTGGAATGAACCTGCAACGGCGCCCGGATACC,15
CTTGCCGAGGAGCGCTGCGACCCACCGAACCTGTGCGGGCCAGGCTCGGCAACCGATCAACGGCGCTCACAAACC,15
TAGGCCGAGAGGCGCTGCAACGGACCGCGCCGGTCCGCCACGCTCGGTCTGCCACGAAGGCTAACAAGGGCGCCTCCCAGAT,15
CTGTCCGAGGGGCGCTGCAGCAGGTTTTCCTGTCAGGCTCGGATGGGGCGTTGTTCGACCGGGTTGTCCCGTCGAGCCTTAAACGCACAACGGCGCCCATTCGCA,15
TGTTTCGAGGAGCGTTGCAAGGCCGGTGGCTCCCACCCGCCCCAGGCTCGAAACCCTCACAAGGCAACGGCGCTCACCCGCT,15
CTCCCCGAGGAGCGTTGCAACAGAGCCGCCGGTGTCATCCACCGAGGCCTGCCAGGCTCGGGGGTCCACATTGCAACGGCGCTCACGAACT,15
CATTCCGAGGAGCGTTGCAACGGACCGGCATCCGCCCGGCCGCCAGGCTCGGAAGTTCAAACGGCGCTCGCACTAT,15
CTTTCCGAGGAGCGTTGCAAGGCCGCCCACCCCAGGCGCCCCAGGCTCGGAAGCTTGATCTGCAACCGCGCTCACCCGCA,15
AATCCTGAGGAGCGTTGCGACGACCCTGCGGTTCCCGTCATGGACCATGCCCTGGCCCATGACCCGCGGAACCCGGTTCGCCAGGCTCAGGAATCCTTGTTCAAGCGTCGCGTCATGCGCGGCGCTACAGCAACGGCGCTCACCTTTG,15
CGCTTCGAGGAGCGTTGCGACAGCTTTCAACTTGATGGCCGCCAGGCTCGAAGCATTCAATCGGACGGAGTGACCAGCGCTTTCAGACCAGTAAGCGCTTGTTGAACCACCGCATCGAACGGCGCTCACGTCAA,15
CTTCCTGAGGAGCGTTGCAACCCACATCACGTGGACCAGGCTCAGGACTTCATTGCAACCACGCTCACCCGCA,15
GTCTCCAAGGAGCGTTGCAGCAGGCTTAAGCAGCTTGTCAGGCTTGGATACTCACAACGACGCTCACCTGAT,15
TATTCCAAGGAGCGTTGCAGCACGGTGTTCCACATCGTGTCAGGCTTGGATATCTTTTTCGCAACGGCGCTCACGTTAC,15
CCTTCTGAGGAACGCTGCGAGAGTTTCATACTCCCAGGCTCAGAGTGATAGCTGCGAAGCTTCTCAACTGCGTTCACTTTTC,15
CCCTCCAAGGAGCGTTGCAGCGAAACCAAGATTTCGTCAGGCTTGGAATGTGTTTGAGACCGCCGCAACGACGCTCACCTGCT,15
TTTGCCAAGGGGCGTCGCAACGGAGCTTTTTTCCGCCAGGCTTGGCGGATATCCAGCGCGAAAACGAGGCTCGCGCCTG,15
TAATCCGAGGGGCGCTGCAGGGCTGTCGTTCGACAGTTTCAGGCTCGGATTTCTCAAACGGCGCTCATCCAAC,15
GCTTTCGAGGAGCGTTGCAAGGTCCGCCATGGATCCCAGGCTCGAAAGACACGACTTTTGCAACGGCGCTCACCCGCA,15
AAACCTGAGGAGCGTTGCGACGATTCCGCCGGTGTGCCCAGCGCACGGGCCGCGGTTCGCCAGGCTCAGGAAACCCTGCATGGGCGCCGCGCACCGCGCGGCGACGCAGCAACGGCGCTCACCTTTG,15
GCCACCGAGGAGCGTTGCGACCCGAATCGAGCTGATTCGGGCCAGGCTCGGCGGCAGGGTCGACTTTTCCAACGGCGCTCACTCACG,15
CTTTCCGAGGAGCGTTGCAGCGGCGCCTCGCCGCCAGGCTCGGATGGGACAACGACGCTCGTGAAGC,15
CGTTTCGAGGGGCGCTGCAGCGGAGGTTTTCGCGAGGCTCGAAGCGGTGGTTATCAGTAACGGCGCCCGCTGTCT,15
CCTTCTGAGGAACGCTGCGAGATTTTTTCATAAAATCCCAGGCTCAGATTACAAGTTTACTTGTAAACGGCGTTCACCAATT,15
CTTCCCGAGGAGCGTTGCAACGCACGGGGCGAGTTGTTCGCCGCTGTCGCCAGGCTCGGGTCTTTGATCGCAGGCCGCTACACCTTGCTGGCGGCTTTCCTTCAACGGCGCTCACCCAAC,15
GAGGTCGAGAGGCGCTGCAACGGGCTCGGGCCCGCCACGCTCGGCCGAGTCACCGTGAACAAGGGCGCCTCCCACAA,15
TAATCCGAGGAGCGCTGCAGGGCTGTCGTCCGACAGTTTCAGGCTCGGATTCTTCAAACGGCGCTCATCCAAC,15
CTCGCCGAGGAGCGCTGCAACCCCTTCACCCGCCCCCCATGCGGCTGAGGGGCCAGGCTCGGGAGGCTTTCTGGAGTTATTCTAACGGCGCTCAGTTTTT,15
TAACCCAAGGAGCGTTGCAGCGAAGCATTGATTCGTCAGGCTTGGGTCACCGGCGTGTTCCCCGAAGCGCCTGCAGCAACGACGCTCACCTTGA,15
GGGTTCGAGGAGCGCTGCACCCCGCTGACATCCGTCGGTGGGGGAGGCTCGAACACCGGACTTAAATAACAACGGCGCTCGACTGCA,15
GCCGCTGAGGAGCGTTGCGACCGGGGCGGCCCGGCCAGGCTCAGCGAAAACACAACGGCGCTCGCATCGG,15
CAGGCCGAGAGGCGCTGCAACGGACCCAGGTCCGCCACGCTCGGCCCCCGTGAACCGCAACAAGGGCGCCTCCCGACA,15
CCTTCCGAGGAGCGTTGCAGCGTGCACCCGATGGGCGGTGCCGTGAGGCTCGGAAGGGCAGCAGACCGTGGTCACGCGGCCTCGCTCCTAGGCAACGACGCTCACCCACG,15
TCGGCTGAGGGGCGCTGCAGCGAGGGTCGGGCCCTCGTCAGGCTCGGTGGGTCCAGCACTTCGCAACAAACGGCGCTCAGCAGAA,15
TCCTTCGAGGGGCGCTGCAACGGGACGCACGGGCGTACTTGCCAGGCTCGTTGGGGTGGATTATTACCGGCAACGGCGCCCGTTCATC,15
CCCGTCGAGGGGCGCTGCGACCGTTCCCGTGCACGAGCTTCACGGGAGCCGGCCAGGCTCGGCGCGGCACGTTCCACAACGGCGCCCGGTTGCT,15
CATTTCGAGGGGCGCTGCGACCGTGGGATCGACCACCGGCCAGGCTCGAATGGTCTCCATGTACCAACGGCGCCCGGCAAAC,15
CCCCGAGGAGCGTTGCATCGCCGCGGCTGCAGGGCAGCCCGGCGCCAGGCTCGGGATCGAACAACGACGCTCACCGGCC,15
GAGTTTGAGGGGCGCTGCAACAGGGATTACTCTGCTAGGCTCAAACCACTTTCAGATATTAACGGCGCTCATCTTAT,15
CTTTCCGAGGAGCGTTGCAAGGCCGCCTGTCGCCACGACAGCCGCCCCAGGCTCGGAAATCCAATTGCAACCGCGCTCACCCGCA,15
CCTGCCGAGGAGCGCTGCGACCACTTTGAATAAAATGGGGCCAGGCTCGGCAATGATCAACGGCGCTCGCAAACC,15
TTTTCCGAGGAGCGTTGCGACGGACCATCTGCGTCCGCCAGGCTCGGAGAGCTTCACCAAGCAGCCGTGCGGCCAGATGCGCGCCGGCCCCGCTTCCTGAACGGCGCTCACGTCAC,15
CCGTTCGAGGAGCGTTGCGACACACCCATGCTTTTTTGGGGTGCTAGGCTCGAACAAGAAATAAACAACGGCGCTCACGCTTC,15
GCTGCCGAGGGGCGCTGCAGGTCGAATCGCCAAGGCGATTCCGAACTCAGGCTCGGCCTGCAATTCCCGTACAACGGCGCCCGCCCCAA,15
ACTTCCGAGGAGCGCTGCGAGGCTGCGATCTACCGATCGCCCCCAGGCTCGGATTTCCTGCGACGGCCCACACGGCTGGCGCTTCAACGGCGCTCATCTTTC,15
CTCGCTCAAGGGGCGCTGCGACCTGACTTCGTGCCATGCACGCAACCCGGGCCAGGCTTGGCGATGACACCGCACAACGGCGCCCGGCAACC,15
CAGGTCGAGAGGCGCTGCAACGGACCGGTGGTCCGCCACGCTCGGCCGGCACCACCATTCCCAAGGGCGCCTCCGTGGA,15
CCCAGCAAGGAGCGTTGCGACAGGATTCCACCCTGCCAGGCTTGCTGCGGCGAGCAGGGCTTCGTCGCGACGAGGTTCCTTGCAACCGCGCTCACGTTAC,15
CCTTCCGAGGGGCGCTGCAGCAGGCACGGCCTGTCAGGCTCGGAAGGGGCGTTGCATAACGCATCAACGGCGCCCATTCGCA,15
TATTCCGAGGAGCGCTGCGAGAGGTTAAGCTACACTCCCAGGCTCGGAACAGCGTTTCAAACGGCGTTCACCTTAC,15
CCCGGCGAGGGGCGTTGCGACGGCGGGATCTCCCGCTGCCAGGCTCGCCGGGGACCCATCCTTGTTGCAACGGCGCCCGCCAACC,15
CACTCCGAGGAGCGTTGCAACGGATCCGCCTCCTTTCCCCGGTGCCGGCCTGATACTTCCCTTTCAGGCCCGCCGCCAGGATTGGGCGCTTCCGCCAGGCTCGGACTGTCTTCAACGGCGCTCGCTGATC,15
CGATCCGAGGAGCGCTGCAACCCGCCAGGGCCAGGCTCGGATCCGCCACAGACGATGTTTCCAACGGCGCTCACTCGAT,15
CCCGCCGAGGGGCGCTGCGACCATGGGTCCGACCCATAGGCCAGGCTCGGCGCGGCGTCCCACCAAACGGCGCCCCCGTGAA,15
CGAGCCGAGGGGCGCTGCGACGGACCCGGATCCCGCGGATCTGGTCCGCCACGCTCGGCCCGGTGGTCAGACGTCAAGGGCGCCCCCTGATG,15
CTGTCCGAGGGGCGCTGCAGCAGGCCTATACCCAGTAACGGGGCCTGTCAGGCTCGGATGGGGCGTTAACCATACGCATCAACGGCGCCCATTCGCA,15
CAATCTGAGGAGCGTTGCGACTTTGTCGATGCCTAGCATCCAAAGCCAGGCTCAGATTTGGAACGTTGCTCACGTTTTTACCTAGAACAACGACGCTCACCTACC,15
GTCCCTGAGGAGCGCTGCGACGATAGCCGGCCAAGCCGGTTCGCCAGGCTCAGGAATCCTTGTCCAGGCCGCGCCTTGCGCGCGGCCTTTGCAACGGCGCTCACCTTTG,15
CGCTTCGAGGAGCGTTGCGACGGCTTTCATCTACGAAGGCCGCCAGGCTCGAAGCATTCAATCGGACGGAGTGACCGGCGCTTTCAGACCAGTAAGCGCTTGTTGAACCACCGCATCGAACGGCGCTCACGTCAA,15
CCGTTCGAGGGGCGCTGCAGCAGGCCTAGGCCTGTCAGGCTCGAACGGAGCGCGCTCTCAGGCCGGCCTCGCCGGTCTGTCAACGCACCAACGGCGCCCATTCGCA,15
TCTTCCGAGGAGCGTTGCAACCGCCACTTTAGCTTGGCGGCCAGGCTCGGAACCGTGACAACGGCGCTCACCCGCA,15
CCCACCGAGGAGCGTTGCAACGGGACAAGGTCCCGCCAGGCTCGGTGAGGGCTCCATAAGTTTCAACGGCGCTTACTCTGA,15
CCATCCGAGGAGCGTTGCAGCGTTCCCCAGCCAGCCATGAGCTGGCCTGCGCGGGGCGTGAGGCTCGGATTTCATCCCGCAACGACGCTCGCCCACG,15
TTAGCTGAGGAGCGCTGCAACTCCGGTTTACGGAACCAGGCTCAGCAAATGAAACGGCGCTCGTTCCAA,15
CTGTCCGAGGGGCGCTGCAGCAGGGTCATCCTGTCAGGCTCGGATGGGGCGTTGTCCGCTCCCGCGGACGCTCAACGCACAACGGCGCCCATTCGCA,15
ATCACTGAGGAGCGTTGCGACAGGTTTTCCTGCCAGGCTCAGTAGATTGAAGGACAATTTAAATACAACGGCGCTCAGTCATC,15
TAATCCGAGGGGCGCTGCAGGGCTGTCGTTCGACAGTTTCAGGCTCGGATTTCTCAAACGGCGCTCATCCAAC,15
CAATCCGAGGAGCGCTGCAAGGCTGTCGTCCCACAGTTTCAGGCTCGGATTCATCAAACGGCGCTCATCCCAC,15
GTTTCCGAGGAGCGTTGCGACGGGCACCGGCCCGCCAGGCTCGGAAATCTTCACCAGGCGGTGGCCCGCC,15
CGCTTCGAGGAGCGCTGCGACTTGCGTGGTTTGCAAGCCAGGCTCGGAGCATTCGACAGGAACGGCGCTCACCCACT,15
CAGCCTGAGGAGCGCTGCAACGGTTAGCAGATATTAACTCGCTAACCGCTAGGCTCAGGCAATCATTTAGATTAACTGCGCTCATTCAAT,15
CCCACCGAGGAGCGCTGCAACCCCATTATTAAATCGGCACCTGCGGTCGGGTTTCGACCACAGGTGCCGATTTAGTCGCGGGGCCAGGCTCGGTGAGGAGGTATCTTCAACGACGGCGCTCACTCTGA,15
CTGTCCGAGGGGCGCTGCAGCAGGTTCAACCTGTCAGGCTCGGATGGGGCGTTGACCGGCTCAGGCCGGACACTAAACGCACAACGGCGCCCATTCGCA,15
CTCGCCGAGGAGCGCTGCAACAGGACACGTCTTGGATTCCTGCCAGGCTCGGCGATTATCGGGACCTTTAAACCAACGGCGCTCGGTTCAG,15
CCTGCCGAGGGGCGCTGCGACCGGATCCCTTGAGGCCGGCCAGGCTCGGCCAGGTGGTACTGCAACAACGGCGCCCGGCCAGA,15
GTGTGCGAGGAGCGCTGCGACAGCTTAACTGCCAGGCTCGCCCACTGGATCAATGCAACGGCGCTCGTAAATA,15
CATTCCGAGGAGCGTTGCAACGGACCGGCATGCGCCCGGCCCGCCAGGCTCGGAAGTTCAAACGGCGCTCGCACTAT,15
CTGTCCGAGGGGCGCTGCAGCAGGCTAGGCCTGTCAGGCTCGGATGGGGCGTTGCTCGCTCCCGCGAGCGCTTAACGCACAACGGCGCCCATTCGCA,15
GTTTCCGAGGAGCGTTGCGACGGGCCCCGCCCGCCAGGCTCGGAAATGGTCAACCGAGCGGTGTGTCTGCGCATCATCGTCGCATAGCGGCGATCGTTTCCGCCGATGCCGGCCGCTTACTTGAACGGCGCTCACGTCAC,15
CTGTCCGAGGGGCGCTGCAGCAGGTTTTCCCTGTCAGGCTCGGATGGGGCGTTGTTTGCCAGGACGATCCTCGACCGGCAAACCTTAAACGCACAACGGCGCCCATTCGCA,15
