GGCGCGCCGAAAGGGCCGCCCGGACGAGCCGTACCCGGAGAGCGACAAGACGGTGAGT,23
ACCAAGTTCCTCCGACGAGGAACGCGCGGACGAGGGAGCAGTACCCGCACGGACAAGACTGACTCAGA,23
ACAGAGCCCCCGGACGGGAGGCTCCCGGACGAGACGCGCCGTACCCGGTCTGAAAAGACGACGCTCC,23
TCGGAGTCCATTCCAGGACCGCGGACGAGGGAGCAGTACCCGCCGAGCGACAAGACTGCCACGAA,23
TCAGGGCAAGTGAGCACACTTGCCCCCTGACGAGGTGAACCGTACCAGGCAAGAAAAGACGGCTCTTT,23
GCTGATGCCGCATCGCGGACATCCCGGACGAGCGCCGTCGTACCCGGCCCGACAAGACGACTGCACC,23
GAATCCCCGGGCCCCGGACGAGGGAGCCGTACCCGGAGTCGCGACAAGACGGCCACGGA,23
GCTGCCCTTTTGCTACCTTTGAAGGACGACCCGACGAGACGCGCCGTACCGGGCTGTAAGGCAAAGACGACGCACC,23
CCACGGCCGGTTCCCGGCCGCCGGACGAGGGAGCCGTACCCGGAGCGCGACAAGACGGCCATG,23
GTTACCTTCTCCATGCCCGGACGAGACGCGCCGTACCCGGTTAAGACAAGACGACGCTTG,23
CTCGACACCCCGACCCTGGTGTCCCGGACGAGTGGTGGGCGTACCCGGTAACGCGAAGACGCCCCCGG,23
GTGGCGGCTCGTACGTGCCTGCCCCGGACGAGACGTGCGCCGTACCCGGTCTGCAAAGACGACGCATA,23
TTTTTGCTACCGTGGAGACATCCCGACGAGACGCGCCGTACCGGGCTGGCAAAGACGACGCACC,23
GACGCGTGCGAACGGCACCACCGGACGAGGGATCAGTACCCGGACTGCGACAAGACTGGCCGAT,23
TCAAGGTTCCGCTCTGGAACCTCCGGACGACGGTTCAGTACCCGGTGCGCGACAAGACTGGCCAAA,23
GATGGGCGCCCATCCGCGCTCCCGGACGAGGGATCAGTACCCGGAACGCGACAAGACTGGCCAGG,23
GTGATGCCGCATCGCGGACATCCCGGACGAGTGCGTGTCGTACCCGGCCTGACAAGACGACCGCCCC,23
GCAGGGACGACCGGCCCCCCGGACGAGGGCGCCGTACCCGGAGTGCGACAAGACGGCGCGT,23
TTCCGGTCGCCATCACGTGCGACCCCGGACGAGACGCGCCGTACCCGGTCTGCCAAGACGACGCGCA,23
AGGGACCCGAGAGGGCCCCGACGAGACGCGCCGTACCGGGGTGAAGGCAAAGACGACGCACC,23
GGGCGGTCAGAACCTGACACCGGACGAGGGGCGCCGTACCCGGCCAGCGACAAGACGGCGTCAC,23
GCGGGACCCGGAGAACGGGTCCGCGGACGAGGGAGCCGTACCCGCACCACGACAAGACGGCCTCGT,23
GGTGGGCCCGGCACGGGGCCCCCGGACGAGTGCGCCGTACCCGGACAGCGACAAGACGGCGTCCA,23
CTTTTGCTAGGGTCGGAAGCATCCCGACGAGACGCGCCGTACCGGGTCACGACAAGACGACGCACC,23
GTGTTTTTGCTAGGTTCGGAAGGAACCCGACGAGACGCGCCGTACCGGGTCGAAGGCAAAGACGACGCACC,23
CCAGTGCCACACCCCGTGGCACCGGACGAGGGGCCCCGTACCCGGTCAGCGACAAGACGGCGCCGG,23
CGTTTGCTATGTTCGAAAGTGAGCCCGACGAGACGCGCCGTACCGGGTCAAAGGCAAAGACGACGCACC,23
GGACGGCAGTCACAACGGCACTCGGACGAGCGCGCCGTACCCGACCAGCGACAAGACGGTGCTCA,23
AAGGCTATCCAAAGAACAGATATTCTCCGGACGAGGTGCGCCGTACCCGGTTACGACAAGACGACGCCAA,23
GAGCAGGTGAGTTGATCACCCCGGACGAGGCGCGTCGTACCCGGTATGACAAGACGGCGCAGT,23
GCCCGGTGTGGGTGTGACGTACCCGGACGAGACGCGCCGTACCCGGATTCGACAAGACGACGCTCA,23
GGCAGGTTCGTTCCTGAACCGGCGGACGAGGGCGCAGTACCCGCACAGCGACAAGACTGACCAGA,23
GGTTTGCTAGCGTGGAGGGCACCCCGACGAGACGCGCCGTACCGGGTCCCAAGGCAAAGACGACGCACC,23
AGCGAGACCACAACCGGTTCTCCGGACGAGGGTTGCCGTACCCGGCCATGACAAGACGGCATCGA,23
TCGGTCGGCCTTATAGGCTGCGCCCCGGACGAGAGCACCGCCGTACCCGGTCACGACAAGACGGCGCGGA,23
TTGGAGGCTGGAAATCGGTCTCGCGGACGAGGGAGCAGTACCCGCACCGGACAAGACTGACTCGTA,23
GCAGAGCCCGTGGGGGCTCCCGGACGAGGGGTGCCGTACCCGGTGTGCGACAAGACGGCACCGA,23
CCAGGGCCGGCCGAGCCGGTCCCCGGACGAGGGAGCCGTACCCGGAGCGCGACAAGACGGCCACG,23
CTTTTGCTATGTTCGAAAGCGAGCCCGACGAGACGCGCCGTACCGGGTCGAAGGCAAAGACGACGCACC,23
TCAGAACCCGCTTGGGTCCCCGGACGATGGTCAAGTACCCGGACAGCGACAAGACTTGCCGAA,23
GGCGGGCCGCCTCCCGGCGCCCCCGGACGAGCGGTGCCGTACCCGGACAGCGACAAGACGGCGCCTG,23
GTCGGAGACGGATGATCGTCTTCCCCGGACGAGATGCGCCGTACCCGGTCCGCAAAGACGACGCTCG,23
GCTTTGCTACGTTGGAGGGACCCCCGACGAGACGCGCCGTACCGGGACGAAGGCAAAGACGACGCACC,23
GCCGGACCCGGCGAGCGGGTTCCCGGACGAGGGAGCCGTACCCGGAAGCGCGACAAGACGGCCACGAA,23
GTCGGTGTGGGACACGCCCCGGACGAGCGCGTCGTACCCGGCATGACAAGACGGCGTAGT,23
GGCGCGCCGCAAGGGCCGCCCGGACGAGTTCGCCGTACCCGGAAAGCGACAAGACGGTGACCG,23
GTTGTCTTTTGCTACGGTGGGGGGGAACCCGACGAGACGCGCCGTACCGGGTACGACAAGACGACGCACC,23
GGGCCCCGAGCCTCAGCCCCGGACGAGGTGCGCCGTACCCGGTCAGGACAAGACGGCGCGGC,23
GCAGGAGCCTATCGGCTTCCCGGACGAGGTGCGTCGTACCCGGTCAGCGACAAGACGACGCATT,23
GTTTGCTACCGTCGGAAGGACCCCGACGAGACGCGCCGTACCGGGTCAGGACAAGACGACGCACC,23
GTAGGTCCTGGCAGGGACCCCGGACGAGGGAGCCGTACCCGGTGCGCGACAAGACGGCCTCGGA,23
GGTGGCCCTGCCAGGGGCCCCGGACGAGACGCGCCGTACCCGGTCAGGACAAGACGACGCACG,23
CGGCGGCCCCAGGGTGGGGCTTCCGAGCCCGGACGAGGTGCGCCGTACCCGGTCACGACAAGACGACGCCTT,23
GAGGTGATCGACGACGATCACCGGACGAGCGGCACCGTACCCGGCCAGCGACAAGACGGAGCCAG,23
CCAAGGCTCCGTACGGGAGCCTCCGGACGACGGTTCAGTACCCGGTACGCGACAAGACTGGCCAAA,23
CACGGATCCCCCACCCGGATCCCCGGACGACGGATCAGTACCCGGTGAGCGACAAGACTGGCCAGG,23
TCATTCCTTTGCTAGCTTTGAAGGCAACCCCGACGAGACGCGCCGTACCGGGACAACGCAAAGACGACGCACC,23
CTGAAGGCTCTCAGTGGGCCTCCGGACGAGGGATCAGTACCCGGCACGCGACAAGACTGGCCACG,23
GGAGGACCTCGACAAGGTCCCCGGACGAGGGTTCAGTACCCGGTGAGCGACAAGACTGGCCAGG,23
GCGAAGGCTGGAGAAGTCTTGCGGACGAGGTGAACCAGTACCCGCGCAGCGACAAGACTGGTTCAGG,23
ATCAGGCGCCATGAGTGCGCCACCGGACGAGGGAGCAGTACCCGGCCAGCGACAAGACTGCCAGC,23
GGTGGGACCGCGACGGGTCTCCCGGACGAGCACGCCGTACCCGGACAGCGACAAGACGGTGTCCC,23
CGACGGTCGGCGATCACCGACCCCGGACGAGGCAGACCAGTACCCGGTGAGCGCAAAGACTGGTCCGA,23
TCTTTGCTACGGTGGTGGGACCCCGACGAGACGCGCCGTACCGGGCTTCGCAAAGACGACGCACC,23
GCCCTGCCCTGCCGGGGCCGAACTCCGGACGAGAGCACCGCCGTACCCGGTCACGACAAGACGGCGCACG,23
ACGGAGCCCGAACCGGCTCCCGGACGAGGCACGCCGTACCCGGTCAGGACAAGACGGTGTCAG,23
GCCGGCCAGCTTTCCGGTGGGCTCCCCGGACGAGGTGCGTCGTACCCGGCTTGCGACAAGACGGCGCGTG,23
CGTGAGTCCACGATGAGACTCCCGGACGAGCAGCGCCGTACCCGGACAGCGACAAGACGGCGTCTC,23
GACGGATCCCGACCGGATCCCCGGACGAGGGTTCAGTACCCGGTGAGCGACAAGACTGGCCATG,23
CCAGAGTCCACTCTGTGACTCCCGGACGAGGGGCGCCGTACCCGGCACGCGACAAGACGGCCCGCA,23
CAGTCGCCCCCAGAGGGGCTGCACTCCGGACGAGAGCACCGCCGTACCCGGTCAAGACAAGACGGCGCGAC,23
CGCGGTCCCGCTTCCGGGAACCGCCCGGACGAGACGCGCCGTACCCGGCCTGCAAAGACGACGCTCC,23
GCGGAGGCATGATGATCGCCTACCCCGGACGAGATGTGCGCCGTACCCGGTCTGCAAGACGACGCTCA,23
GACGGCGTTCGTGGTCCGCGGGCGTCCCGGACGAGTTGCGTGTCGTACCCGGCCTGACAAGACGACCGCCCC,23
CCCGTGGGCCCAACCGGCTCCCGGACGAGGGTGGTCGTACCCGGTCACGCGCAAAGACGACCACGA,23
TCTAGCCTGCGCGTTCGAGCGGGCCCCGGACGAGGGAGCCGTACCCGGGAGCGCGACAAGACGGCCAGA,23
GTGGACGCCCGCGGTGGGCGGTTCCCCGGACGAGGCACGTCGTACCCGGCTCCGACGACGACGTGGC,23
GCGCTGGCGACCCGCCCCGGACGACGGATCAGTACCCGGTGAAGACAAGACTGGCCCCC,23
TAGGCCCGCTATCAAGAGTGGCACCGGACGAGGGAGCCGTACCCGGAACGTGACAAGACGGCCTTCG,23
ATATCGCCAGCACATGGCACCGGACGAGGCGGCACCGTACCCGGCCAGCGACAAGACGGGCCTT,23
CAGTTGCCCGTTGAGGGCTTCCCGGACGAGGGGTGCCGTACCCGGTGCGCGACAAGACGGCCCATG,23
ACGTCAGCCGAGACCGGCTGCCGGACGAGGGAGCCGTACCCGGAGGCGCGACAAGACGGCCGTC,23
GGCGCGCCGAAAGGGCCGCCCGGACGAGTTCGCCGTACCCGGAGAGCGACAAGACGGTGAGTG,23
ACTGGATCCGACGCCGGATCCGCGGACGAGGGAGCCGTACCCGCAGGGCGACAAGACGGCCAGT,23
TCCATGCCTCTTGCTACCGTGGATACACCCGACGAGACGCGCCGTACCGGGATCCGCAAAGACGACGCACC,23
GGTGCGTCGCGAAAGACATCCGGACGAGGCGCACCGTACCCGGCGAGCGAAAAGACGGTGTGAA,23
ATCAGGCGCGGCGATCGCGCCACCGGACGAGGGAGCAGTACCCGGCCAGCGACAAGACTGCCAAC,23
GCAGAGCCCGTCGATGCGGGCCCGGACGAGGGAGCCGTACCCGGCAGCGCGACAAGACGGCCATC,23
ATATCGTCGCAATCAGACATCCGGACGAGGCACACCGTACCCGGCCAGCGAAAAGACGGTGTGAA,23
AGTGAGGCCGGACGGTATGCCCGGTCTCCCGGACGAGCGCGTCGTACCCGGTCCGACAAGACGGCGCAGC,23
GGAGCGCCCGAGCGGGCGACCGGACGAGGCACGCCGTACCCGGCCAGCGACAAGACGGTGTCGT,23
TCCGCCCTTTCTTTGCTAGCCTGGAAGGACCCCGACGAGACGCGCCGTACCGGGTACACGACAAGACGACGCACC,23
AGCGGCCTCATCGTGAGGGTGTCTGGCCCGGACGAGGCGCGCCGTACCCGGTCAGGACAAGACGACGCGAC,23
CGTGACCGTGCGGGCCCCGACGAGACGCGCCGTACCGGGGTGAAGGCAAAGACGACGCACC,23
AGGAAGGCCCGCAGAGGGACCTCCGGACGACGGTTCAGTACCCGGCACGCGACAAGACTGGCCAAA,23
GGCAGGCGAGTTGATCGCCCCGGACGAGCGCGTCGTACCCGGTCTGACAAGACGGCGCAGT,23
GTGACGCTTACGGACGTGAGCGTCCCGGACGAGGTTCACCGTACCCGGACAGCGACAAGACGGTGTGGG,23
AGGTAGACTCGACGGAGCCAAAATCCCGGACGAGGCGCACCGTACCCGGCCCTGCAAAGACGGTGTACG,23
CCTGAGCCGATGATGGCGACCGGACGAGGGAGCAGTACCCGGAACGCGACAAGACTGACTCGAA,23
GCTTGGCAATCTGCCCCGGACGAGACGCGCCGTACCCGGTTATGTAAAGACGACGCCCT,23
CATGGCTTCCAAGACGGCGGCCCCGGACGAGGGATCAGTACCCGGAATGCGACAAGACTGGCCACG,23
GCAGGGCCCCCACGGGTTCCCGGACGAGGTGCGCCGTACCCGGAGTGCGACAAGACGGCGCCGA,23
GCTAGCCTCGGGAGGAACCCGACGAGACGCGCCGTACCGGGTCAGGACAAGACGACGCACC,23
GCTTTGCTACGGTGGTGGGGAACCCCGACGAGACGCGCCGTACCGGGTAGCCGTGGCTGGACGACAAGACGACGCCCC,23
CCGGTGGCCCCTTCTCGGCCACCCCGGACGAGTTCGTCGTACCCGGTGAGGACAAGACGACGGGTT,23
TGATCGCCTGTGGTTCCGGCGATCCGGACGAGGCGCACCGTACCCGGCCAGCGACAAGACGGTTGCGAT,23
GTCGAGCGCGGCGATCGCGCTCCCGGACGACGGATCAGTACCCGGAACGCGACAGGACTGGCCGGG,23
TTCATGCCCCTTGCTACGGTCGGGGGCATCCCGACGAGACGCGCCGTACCGGGTCACGCAAAGACGACGCACC,23
CCTTTGCTATCTTTGAAGCACCCCGACGAGACGCGTCGTACCGGGTTACGACAAGACGACGCACC,23
TGAGGTCGCCGAGGGGCGGCCCCGGACGAGGGAACCCAGTACCCGGAGCGCGACAAGACTGGCCGAA,23
GTTTTGCTACCGTGGAGGCACCCGACGAGACGCGCCGTACCGGGCTGGCAAAGACGACGCACC,23
GCGGAGCTCATACGGCCCCCGGACGAGCGCACCGTACCCGGCCAGCGACAAGACGGTGCCCT,23
CCAGAGTCCGCCCACCTGGACTCCCGGACGAGGGGTGCCGTACCCGGAACGCGACAAGACGGCCCGAG,23
GAGGCGGGGCCACCCCTCCTCCCGGACGAGGGGTGCCGTACCCGGTGTGCGACAAGACGGCCCGTG,23
CCAGGGCCGCCGCTTCGCGGCCTCCGGACGACGGTTCAGTACCCGGCACGCGACAAGACTGGCCAAA,23
TGCGGATCCCCGACCGGATCCCCGGACGACGGATCAGTACCCGGTAAGCGACAAGACTGGCCAGG,23
AAGGGGCCACGCTCGTGGCACCCGGACGAGGGAGCCGTACCCGGACAGCGACAAGACGGCCACGAA,23
GTTTTGCTACGGTGGAGCCCACCCGACGAGACGTGCGCCGTACCGGGATTCGCAAAGACGACGCACC,23
TGAAGGCCCCATCTTGGGCCTCCGGACGACGGATCAGTACCCGGCACGCGACAAGACTGGCCACA,23
AGATTGCAGCCCTGCCCGGACGAGATGCGCCGTACCCGGTTACGTAAGACGACGCCCT,23
GAGGTGGCCGCCGGTCGGCCTCCCGGACGAGCGCACCGTACCCGGCCAGCGACAAGACGGTGCAGG,23
CACTTTTGCTACCCTCGCAGGTCCCGACGAGACGCGCCGTACCGGGTCACGACAAGACGACGCACC,23
GTTCTGCCACAAGGCACCCGGACGAGGTGCGCCGTACCCGGACAGCGACAAGACGGCGTCGA,23
GGAGAGCCGCGACCACGGCTCCCGGACGAGCGGTGCCGTACCCGGTGTGCGACAAGACGGCGCCAG,23
GGTTACCCTGGGGGGAACCCGACGAGACGCGCCGTACCGGGTCCGAAGGCAAAGACGACGCACC,23
CCTTTGCTATGTTCGAGAGCAGAGCCCGACGAGACGCGCCGTACCGGGTCAAGGCAAAGACGACGCACC,23
CCGTTCCTTTGCTAGCTTTGAAGGCGCCCGACGAGACGCGCCGTACCGGGATGGACGCAAAGACGACGCACC,23
GCTTTGCTACGTTGGAGGGACCCCCGACGAGACGCGCCGTACCGGGACGAAGGCAAAGACGACGCACC,23
ATGAGGCCCCCGCGGGGCCTGCGGACGACGGATCAGTACCCGCTCAGCGACAAGACTGGCCACT,23
CGCAAGCCCGCGACCGGGCCTGCGGACGAGGGCGCAGTACCCGCTGAGCGACAAGACTGACCAA,23
AAGGAGCCCGGTCCAGGGCTCCCGGACGAGGGGTGCCGTACCCGGAGCGCGACAAGACGGCCCGCG,23
GGATGCCGCATCGCGGACATCCCGGACGAGTGGAGTCGTACCCGGCCTGACAAGACGACCGCT,23
GAATCGGCCGATCAGGCCCCGGACGAGACGCGCCGTACCCGGTCATGACAAGACGACGCCCT,23
ACAAGGCCCGGCACCAGGGCCTCCGGACGACGGTTCAGTACCCGGCACACGACAAGACTGGCCAAA,23
GACGGAACCCCGACCGGGTTCGCGGACGAGGGAGCAGTACCCGCACCACGACAAGACTGACTCACG,23
GTAGACCCCGATCTGGGGACCGGACGAGGGAGCCGTACCCGGCGTGCGACAAGACGGCCTTCG,23
GGCGCGCCACGGTGGCCGCCCGGACGAGTTCGCCGTACCCGGACAGCGACAAGACGGCGAGTG,23
GCAGAGCCCCGAACGGGCTCCCGGACGAGCGGTGCCGTACCCGGAACGCGACAAGACGGCGCTGG,23
TGCTAGCTTCGGAGGAGGTCGCCCGACGAGACGCGCCGTACCGGGTCCCCCTCACGAGGGGGGAGGCAAAGACGACGCACC,23
GTTTTGCTAGGTTCGGGAGCGAGCCCGACGAGACGCGCCGTACCGGGATGCAGGCAAAGACGACGCACC,23
GCCTCGCCACCATGGTGGGGCCCGGACGAGGGAGCCGTACCCGGAGTCGCGACAAGACGGCCAGA,23
GCCGAGCCCGGCGAGCGGGTTCCCGGACCAGGGCGCCGTACCCGGTCAGCGACAAGACGGCGCGCG,23
CGAGGCGGGTGCTGGTGGCCCGTCCCGGACGAGGTGCGTCGTACCCGGTATGACAAGACGGCGCGGT,23
TCCTTGCTACGGTGGAACCACCCCGACGAGACGCGCCGTACCGGGCAGGCAAAGACGACGCACC,23
ATCAGCCCGGGGGTCCGGGCCCGGACGAGGGAGCCGTACCCGGCGTTGCGACAAGACGGCCAGG,23
CGTGCGCCGGGCATCCCGGCACCCGGACGAGCCCGCCGTACCCGGTCCGCGACAAGACGGTGGTTC,23
TTATTGCTGCATAGCGCGGCCCGGACGAGATGCGCCGTACCCGGTAAAGACAAGACGACGCTTC,23
GGAGAGCCCGCGCCACGCAGGGCTCCCGGACGAGGGGCGCCGTACCCGGTGTGCGACAAGACGGCCCGTG,23
ACGGAGTCCCGATCGAGGACTCCCGGACGAGGGGTGCTGTACCCGGTGTGCGACAAGACGGCCCGTG,23
GGGGAGGTTTGCTACGGTCGGAATCGACCCGACGAGACGCGCCGTACCGGGACCCGCAAAGACGACGCACC,23
ACCGGATCCCCAACCGGATCCCCGGACGACGGATCAGTACCCGGTGAGCGACAAGACTGGCCATG,23
TTCGCCGCGTCTTGCGCGAGCCCCGGACGGGGGAGCCGTACCCGGCAACGCGACAAGACGGCCAGG,23
AGAAGGCCGCGATCCGCGGCCTCCCCGGACGAGGTGCCCGCCGTACCCGGCCCAGCGAAGACGGTGGGCGGA,23
GACGAGCCCGGCACCGGGCTCCCGGACGAGCACGCCGTACCCGGACAGCGACAAGACGGTGTACC,23
GAGACGTCAGCACCTGACACCGGACGAGGGGCCCCGTACCCGGCCAGCGACAAGACGGGCGCC,23
GGGGGGCCGCACTCCGGACGAGAGGACCGCCGTACCCGGTGAGGACAAGACGGCGCGGG,23
GGATGCGGCGAACGGCGCCGTCTCCCGGACGAGTGAAGCGACGTACCCGGAACGACAAGACGACGCTCT,23
TCCTTGCTACGGTGGAAACACCCCGACGAGACGCGCCGTACCGGGCAGGCAAAGACGACGCATC,23
GGCGCCCGTGCCCCACGGCCGCCCCGGACGAGTTGCGCGTCGTACCCGGCCTGACAAGACGACCGCCTG,23
TGCTAGCCTTGGGCGACCCCGACGAGACGCGCCGTACCGGGACGGGACCGCCAGGTCCACAGGCAAAGACGACGCACC,23
CCGTTTCCTTGCTAGCTTTGAAGGAACCCGACGAGACGCGCCGTACCGGGACGAACGCAAAGACGACGCACC,23
AAGACGTCGATCGACACCCGGACGAGCGCACCGTACCCGGCCAGCGACAAGACGGTGCAGG,23
CCAGGCGCCGCGCACCCGGCGCCCCGGACGAGGTGCGTCGTACCCGGTCAGCGACAAGACGGCGCGTG,23
CTAGATCGCCGTGGGAGCGATCCCGGACGACGGTTCAGTACCCGGTGCGCGACAAGACTGGCCAGG,23
GAAGCCCCGCGGCTTCCCGGGCCCCGACGAGACGCGCCGTACCGGGGGAAGGAAAAGACGACGCACC,23
GCAGGCGCTGTGCGATCCGGCGCCCCGGACGAGGTGCGTCGTACCCGGTCAGCGACAAGACGACGCTTT,23
AATCACTGAGTGGCATCAGCCCCTGACGAGGTGAACCGTACCAGGTAAGTAAAGACGGGTCTTC,23
GTTGGGTCACAAGCTGACACCGGACGAGGCGCACCGTACCCGGCCAGCGACAAGACGGCGCGAT,23
CCAGAGCCCGGGGCCGGGCTCCCGGACGAGGGTGCCGTACCCGGACTGCGACAAGACGGCACGTC,23
ACCAGCCCGGGCGGAACCGGGCCCGGACGAGGGAGCCGTACCCGGAGTCGCGACAAGACGGCCAGG,23
GCCTGCGCTTTGCTAAGGTGGGGACATCCCGACGAGACGCGCCGTACCGGGCTCTGCAAAGACGACGCACC,23
CCGGCGGCCGGTCCACGGCCCCGGACGAGATGCGCCGTACCCGGTTACGCACGACGACGCGCG,23
GCGACGCCAGCACATGGCACCGGACGAGGGGCGCCCGTACCCGGCCAGCGACAAGACGGGCCTC,23
GGTGGCGGCGGCCGGTGCCGCCCCGGACGAGTGGTGGGCGTACCCGGTCAGGCCAAGACGCCCCAGC,23
GGAGAGCGCATCGGGCCCGGACGAGAGGTGCGCCGTACCCGGTCACGACAAGACGACGCCTA,23
GAGGTGATCAACGATGATCACCCCGGACGATCGAAACCGTACCCGGACGCCGACAAGACGGTACTTC,23
GGAAAGTCAGCAGGTGACACCGGACGAGGGGCGCCGTACCCGGCCAGCGACAAGACGGCGTCGA,23
GTGTTGTCAGCAGATGACACCGGACGAGCGGCACCGTACCCGGCCAGCGACAAGACGGCGCTAG,23
GGCGCGCCGAAACGGCCGCCCGGACGAGTTCGCCGTACCCGGAGAGCGACAAGACGGTGACCG,23
GCGGAGGCGCACTGGTGCCAGCCCCGGACGAGACGTGCGCCGTACCCGGCCTGCTAAGACGACGCACT,23
CCTTTGCTACCTTGGGAAGCACCCCGACGAGACGCGCCGTACCGGGCTGAAGGCAAAGACGACGCACC,23
CGGGAGGTCCGCTGCGGACCTCCCGGACGAGCGGGCGCCGTACCCGGTGTGCGACACGACGGCGCTCA,23
ATGTTGTCAGTGAACTGACACCCGGACGAGGGGCACCGTACCCGGCCAGCGACAAGACGGCGCCGA,23
GCAAGACCTCGAAACCGCAGGTCTCCGGACGACGGATCAGTACCCGGTGAGCGACAAGACTGGCCAAA,23
GGGTAGCTGCAACGACAGCTCCCGACGACGGATCAGTACCGGGTACGCGACAAGACTGGCCAAG,23
CCAGGCGCGGTGAGATCACCGCGCCCCGGACGAGGTGCGTCGTACCCGGTCAGCGACAAGACGACGCGTT,23
GCAGAGGCGTGCATCGCCTTCCGGACGAGGGGTGCCGTACCCGGTGAGCGACAAGACGGCCCGTA,23
AAAGGGCCAAAGGCGCCCGGACGAGGTGCGCCGTACCCGGCCAGCGACAAGACGGCGTAAG,23
GAGGACCCACTGGGCCCCGACGAGACGCGCCGTACCGGGGTGAGGCAAAGACGACGCACT,23
ACCGGACGCCCTCCGCGTCCCCGGACGAGGGATCAGTACCCGGCGCGCGACAAGACTGGCCAAG,23
GCTAGCCTCGGGGATACCCGACGAGACGCGCCGTACCGGGTCAGGACAAGACGACGCACC,23
GGGAGACCGCTCACCGCGGTTCCGGACGACGGATCAGTACCCGGCACGCGACAAGACTGGCCATA,23
TTTTGCTACGGTTGTGGGGAATCCCGACGAGACGCGCCGTACCGGGTATGCAAAGACGACGCACC,23
CACTTGTTATGTGAACATGAAAAAATAGCCTCTCCGGACGAGATGCGCCGTACCCGGTTAAGACAAGACGACGCCTT,23
GCAGGCGCGCAGAGGTGTGCGCCCCGGACGAGGGAGCCGTACCCGGCCACGCGACAAGACGGCCAGA,23
CCGGTGGCCGTGGCCACCCCGGACGAGTGGTGGGCGTACCCGGTCAGGACAAGACGCCCCGCG,23
GTTTCATCGTTTCGCATGATTCCCTGACGAGGGCAGCCGTACCAGGATCGAAAAGACGGCGCATA,23
GCTACCCTGGATTCGCTTGACCCCGGACGAGACGCGCCGTACCCGGTCAAGACAAGACGACGCATC,23
GCCGTTTGCTACCGTGGGGACACCCGACGAGACGCGCCGTACCGGGTTACGCAAAGACGACGCACC,23
GTGCTCGGCGCCCCGCCCCGGACGACGGATCAGTACCCGGTCAAGACAAGACTGGCCATC,23
ACGGAGGCGCGTACGTGCCGGCCCCGGACGAGATGTGCGCCGTACCCGGTCTGAGAAGACGACGCACC,23
CCCTTTGTATGATACAAAATAAATGCCCGGACGAGATGCGCCGTACCCGGTTAAGACAAGACGACGCCTT,23
GCGTTCCTTTGCTATGTTCGAAGGAACCCGACGAGACGCGCCGTACCGGGACGCAGGCAAAGACGACGCACC,23
CTTTTGCTACGGTGGAAACACCCCCGACGAGACGCGCCGTACCGGGACAAGGGCAAAGACGACGCACT,23
GTGGTGCTGGTTCGGCCACCCCGGACGAGCGGCGGGCGTACCCGGTCAGGCGAAGACGCCCCGAC,23
CCAAGGCTCCGCACCCGAGCCTCCGGACGACGGTTCAGTACCCGGCACGCGACAAGACTGGCCAAA,23
ATGAGCCCGAACAGGGGTCCCGGACGAGGGTAGCCGTACCCGGAACGCGACAAGACGGCCACAG,23
GGAGAGCGCATCGGGCCCGGACGAGAGGTGCGCCGTACCCGGTCACGACAAGACGACGCCTA,23
GCAGAGCCCGCCGCCGGGCTCCCGGACGAGGGTGCCGTACCCGGACAGCGACAAGACGGCACGTC,23
CACGACGGCCCGCGGGCCGTCCCGGACGAGTGGTGGGCGTACCCGGTCAGGCCAAGACGCCCCGCG,23
GGTCACCAGCAATGAATGCTTGGACCCGGACGAGGGAGCCGTACCCGGAGAGCGACAAGACGGCCAGA,23
ACTCGGGCGCCCGCCGCGTCCGCGGACGAGGGAGCCGTACCCGCCCAGCGACAAGACGGCCAGA,23
TCCCGGCGAGCCCGACCCGCTCCCGGACGAGGGTGGTCGTACCCGGCAACGCGACAAGACGACCACGG,23
GGATTGTCACCATGTGACACCGGACGAGGCGGCACCGTACCCGGCCAGCGACAAGACGGAGCCTT,23
GGAGCGCGCCGGGCCCGGACGAGGTGCGCCGTACCCGGTCACGACAAGACGACGCCTC,23
GTAGTTTGCTACGGTTGAGGGACCCCGACGAGACGCGCCGTACCGGGTGAACCGAAAGACGACGCACC,23
TCAGAAGCCCATTCCCGGCTCCCCGGACGAGGTGCGTCGTACCCGGCCTGCGACAAGACGGCGCTCG,23
GGCCGTTGCTAGCCTCGAAAAAACCCGACGAGACGCGCCGTACCGGGTCAGGACAAGACGACGCACC,23
GAAGAGCCCGACGTGGCTCCCGGACGAGGTGTGCCGTACCCGGTGTGCGACAAGACGGCGCCTG,23
AGGAAGGCCCGCACAGGGACCTCCGGACGACGGTTCAGTACCCGGCACGCGACAAGACTGGCCAAA,23
CCAAGGCTCCGCACCCGAGCCTCCGGACGACGGTTCAGTACCCGGCACGCGACAAGACTGGCCAAA,23
TGCTACCTTGGAAGGACCCCGACGAGACGCGCCGTACCGGGACCCGCAAAGACGACGCACC,23
GTCGCCGCCGGAATGATCGAAACGCAGCGGCCCCGGACGAGGGATCAGTACCCGGAACGCGACAAGACTGGCCACG,23
ACGAGGTCGCAGAGCACGCGACCCCGGACGAGGGATCAGTACCCGGAGCGCGACAAGACTGGCCACA,23
CCTGGGCTGGGACATCAGCTCGCCGGACGAGGGAGCCGTACCCGGACCGCGACAAGACGGCCAGT,23
GCAGGCGCCGTGCGATCCGGCGCCCCGGACGAGGTGCGTCGTACCCGGTCAGCGACAAGACGGCGCGTG,23
CCAGTCCCACGTTTGGTGGGGCCCGGACGAGGGAGCCGTACCCGGAACGCGACAAGACGGCCATC,23
CGTTTCTTTACTAGCTTTGAAGGCCCCCGACGAGACGCGCCGTACCGGGTGAAGGCAAAGACGACGCACC,23
GTTTTGCTACGGTGGGGAGACCCCGACGAGACGCGCCGTACCGGGTACGACAAGACGACGCACC,23
CGAGTAGTGATTTCTCATTACTCGGACGAGATGCGCCGTACCCGGTTAAGACAAGACGACGCCTT,23
AAATCGTCGACACGACATCCGGACGAGCGCACCGTACCCGGCCAGCGACAAGACGGTGCCCG,23
CTAGGTTCGGGGGGAGCCCGACGAGACGCGCCGTACCGGGATGCAGGCAAAGACGACGCACC,23
GTTGCCCTCCTATTGGGGAGAACTCCGGACGAGAGAACCGCCGTACCCGGTCAGGACAAGACGGCGCACC,23
GCGTTCCCTTTGCTAGCTTGGAGGGACCCGACGAGACGCGCCGTACCGGGACGAAGGCAAAGACGACGCACC,23
TGGGACCAATGAGGGCCCCGACGAGACGCGCCGTACCGGGGTGAAGGCAAAGACGACGCACC,23
TGCAGCGCCCAATCCCGGGTGCTGGCGGACGAGGGAGCAGTACCCGCAGCGACAAGACTGACTCGTC,23
TGAAGGTTCCGCTCTGGAACCTCCGGACGACGGTTCAGTACCCGGAATGCGACAAGACTGGCCAAA,23
AAGTCGATCCTCAGGATCCCGGACGAGACGCGCCGTACCCGGCAAGGACGACGACGCAGG,23
GCGACGCCCCGTGGCGGGGCGCCCGGACGAGCCCGCCGTACCCGGTCTGCGACAAGACGGTGGACG,23
GCGCACCGGCGCCGGCCCCGGACGAGATGTGCGCCGTACCCGGCCCGCCAAGACGACGCACC,23
CTGAAGGCTCTCAGCGGGCCTCCGGACGAGGGATCAGTACCCGGCACGCGACAAGACTGGCCATT,23
CGCGCCCCCGCTTTGCTACGGTGGGGACACCCGACGAGACGCGCCGTACCGGGCTTTCGCAAAGACGACGCACC,23
GTCGAGCCCGGAGCCGGGCTCCCGGACGAGGGGTGCCGTACCCGGACAGCGACAAGACGGCCCGTG,23
GGGCGCTTTGCTACGGTTGAGGAAACCCGACGAGACGCGCCGTACCGGGTACGACAAGACGACGCACC,23
TGTGCTATACCTTGTTTGTTCCGGACGAGATGCGCCGTACCCGGTTAAGACAAGACGACGCTTT,23
GCTTTGCTACGGTGGAAACGCACCCGACGAGACGCGCCGTACCGGGTTGAAGGCAAAGACGACGCACC,23
TACAAGTCACTTCCGACAATCGGACGAGCGCACCGTACCCGAACAGCGACAAGACGGTGCAAG,23
CCAAGGTCCCTTTCCCGGACCTCCGGACGACGGTTCAGTACCCGGTGCGCGACAAGACTGGCCAAA,23
TGAACGCGGCGACCCGCCCCGGACGACGGACCAGTACCCGGTGAAGACAAGACTGGCCAGC,23
GTGGTGGCCCGCGCGGCCACCCCGGACGAGTCGTGGGCGTACCCGGTCAGGCCAAGACGCCCCGTA,23
TCCTGGGTCTCGACAGGATCCCCGGACGACGGATCAGTACCCGGTGAGCGACAAGACTGGCCAGG,23
GGGAGGTCACCAGATGACACCGGACGAGCGGCACCGTACCCGGCCAGCGACAAGACGGCGCCTC,23
GTGCGGCCCGGCCGTGCGGGCCCCGACGAGACGCGCCGTACCGGGGTGATGGCGAAGACGACGCACC,23
GCGGGCGCGATCCGTGAGACCCCGGACGAGGTGCGCCGTACCCGGTGACGACAAGACGGCGCGTT,23
CCAGGAACACACCACGTTCCCCGGACGAGGGGAGCCAGTACCCGGCGACGCGCAAAGACTGGCTCACA,23
GTCGTCCTTTGCTACGGTGGGAAGGAACCCCGACGAGACGCGCCGTACCGGGTGGCCTTGGCTGTACGACAAGACGACGCACC,23
TATTGGTCGTCGATACGACATCCGGACGAGCGCACCGTACCCGGCCAGCGACAAGACGGTGCACA,23
TCGGTGGCGGTGGCGCGCCACCCCGGACGAGCCGTCGTACCCGGCAGGACAAGACGACGTGGG,23
GTACCGTTCGAGCACCTGTGAACCCCGGACGAGGGGCGCCGTACCCGGTCACGACAAGACGGCGCGCA,23
CCGGACCCCGGAGGACGGGGCTCCCGGATGAGGGCGCCGTACCGGACACCGTTCCGGTACGGCGCCCT,23
GTGGCCCCCGTCGGGGTCCCGGACGAGGGGTGCCGTACCCGGTCAGCGCAAAGACGGCACCGA,23
CGGCCGCTTGCTAGCCTCGGACGTACCCGACGAGACGCGCCGTACCGGGTCAGGACAAGACGACGCACC,23
GGGTTGCTACGGTGGTGGGATCCCCGACGAGACGCGCCGTACCGGGTTTCCGCAAAGACGACGCACC,23
GCTTTGCTACGTTGGAGGGAACCCCGACGAGACGCGCCGTACCGGGATGAAGGCAAAGACGACGCACC,23
ACGGCGCCACGACCGTGGCCGCCCCGGACGAGATGCGTGTCGTACCCGGCCCGACAAGACGACCGCCTT,23
GGACAGGAGCTCATTGCTCCGACCGGACGAGGGAGCCGTACCCGGACAGCGACAAGACGGCCGCC,23
CCAAGGCCCCTCTTCCGGGCCTCCGGACGACGGTTCAGTACCCGGCACGCGACAAGACTGGCCACA,23
GTGGATCGCCCACCGGCGGTTCCCCGGACGAGACGCGCCGTACCCGGAACGCCAAGACGACGCCCG,23
CCACAGCCGGCGACCGGCTGCCGGACGAGGGAGCCGTACCCGGACTGCGACAAGACGGCCACGAA,23
GCAGGAGCCGGTAACGGCTTCCCGGACGAGGTGCGTCGTACCCGGTCAGCGACAAGACGGCGCGTA,23
TCAGAGCCCCACCGGCTCCTGGACGAGGTGCGCCGTACCCAGCCATGACAAGACGGCGCGGG,23
ATCCGGTCAGCACCTGACACCCGACGAGGCGCACCGTACCGGGCCAGCGACAAGACGGCGCATG,23
TTGGCGGCGCCACCCCGCGCCGACCCCGGACGAGTGGCGCTCCGTACCCGGTCGAGCAAAGACGGCAGCGCA,23
ACTGCCCTGTGGCCTACCGGGCCCCTGACGAGGGCAGCCGTACCAGGAACGCAAAGACGGCGCATC,23
GACGGCGGCGCACTCCCGCACCGCACCGGACGAGCGTGTCGTACCCGGCCAGGCAAAGACGACACGTC,23
CCTTTGCTACGGTGGAGCGGAACCCCCGACGAGACGCGCCGTACCGGGTAGCAGGACGCAAAGACGACGCACC,23
CCCGACGCCGCGAGACCGTGGCGATCCCGGACGAGTTGCGTGTCGTACCCGGCCTGACAAGACGACCGCCTC,23
GCAGGTTCGCAATCCGAACCTGCGGACGAGGGCGCAGTACCCGCAGAGCGACAAGACTGACCAA,23
CCCGGACGCCCGCCGCGTCCCCGGACGAGGGATCAGTACCCGGACAGCGACAAGACTGGCCAAG,23
ACAGGCCCGCAGGAAAGCGAGCCCCGGACGACGGAGCCGTACCCGGTAGTGCGACAAGACGGCCAGC,23
AATGAGCCGCTAGGCACCCGGACGAGGTGCGCCGTACCCGGCCAGCGACAAGACGGCGCCAT,23
GGAGTGGCCGGAACTCGGCCCCCGGACGAGCACACCGTACCCGGCCTGCGACAAGACGGTGTTTG,23
CCGTTTCTTTGCTAGCTTTGAAGAAGCCCGACGAGACGCGCCGTACCGGGACGAAGGCAAAGACGACGCAGC,23
ACAGAGCCCCCAGCGGGGAGGCCTCCCGGACGAGACGCGCCGTACCCGGACTGAAAAGACGACGCTCC,23
AACAGGTCGCCGACTGCGGCCCCGGACGAGGGATCAGTACCCGGAACGCGACAAGACTGGCCACA,23
GCCCGCTTGCTAGATTTGAAGGAACCCCGACGAGACGCGCCGTACCGGGTCGAAGGCAAAGACGACGCACC,23
CCAGAGCCCCGTCGGGCTCCCGGACGAGCGGCGCCGTACCCGGTCAGCGACAAGACGGCGACCT,23
GTGAAGCCGCAAACGCGGTGATCCCGGACGAGATGCGTGTCGTACCCGGCCTGACAAGACGACCGCCGT,23
GGTGGCGTCCTTTGCTACGTTGGAACGACCCCGACGAGACGCGCCGTACCGGGTAGGAAAAGACGACGCACC,23
TGCTAGCTTCGGAGGTGAGCCCGACGAGACGCGCCGTACCGGGATGCAGGCAAAGACGACGCACC,23
GTGGACGCCCGGCAGGGGCGGATCCCCGGACGAGGCACGTCGTACCCGGCACCGACGACGACGTGAC,23
ATGGGTCCGCAACCGCGGAGACCCCCGGACGAGGAACGTCGTACCCGGCACGACAAGACGGCGCACT,23
GTTGGGTTCGGAACCGGCGAACGGTTCGCGGACGAGGGAGCAGTACCCGCACCACGACAAGACTGACTCAGA,23
GTGGAGCCCGATCAAGTGGCTCCCGGACGAGGGGTGCCGTACCCGGAGTGCGACAAGACGGCCCGTG,23
GCCGTCCTTTTGCTACCTTCGAAGGAGCCCGACGAGACGCGCCGTACCGGGACCGGTAACAGCAAAGACGACGCACC,23
GAGGCCCCGCGAGCGGGCCCCGGACGAGGGAGCCGTACCCGGTCACGCGACAAGACGGCCACG,23
GCGGTGGCCCGGTTCGCCCGTGGCCACTCCGGACGAGTGGTGGGCGTACCCGGTCAGGCCAAGACGCCCCGTG,23
GCAGAGCCCCGACCGGCTCCTGGACGAGACGCGCCGTACCCAGTCAGGACAAGACGACGCCGG,23
GCCTCGGCGACCCGCCCCGGACGACGGATCAGTACCCGGTGAAGACAAGACTGGCCAAC,23
ACGGTGATCAGAGACGATCACCGGACGAGGTGCGCCGTACCCGGCCAGCGACAAGACGGCGCCTG,23
GTATGCCCTTTTGCTACGGTGGAGGGGAACCCCCGACGAGACGCGCCGTACCGGGTAGCTGGCTGAAAAGACGACGCACC,23
AAGTGGCCAAGCAGGCACCCGGACGAGGTGCGCCGTACCCGGCCAGTGACAAGACGGCGCTGG,23
GGAATCGCAACGTGAGCCCGGACGAGACGCGCCGTACCCGGTTAGGACAAGACGACGCACT,23
GCTCGGACCCCAACCGGTCCCCGGACGACGGTTCAGTACCCGGTGAGCGACAAGACTGGCCGAA,23
GGCGCGCCGAAACGGCCGCCCGGACGAGTTCGCCGTACCCGGAGAGCGACAAGACGGTGACCG,23
GCTACGGTGGAACCACCCCGACGAGACGCGCCGTACCGGGTTGGCAAAGACGACGCACC,23
ACTTACGAAGGTTATAAAGGTTTTGCTCCGGACGAGATGCGCCGTACCCGGTCAAGACAAGACGACGCTTT,23
GGCTCGGCGCCGCAGCGCCCCGGACGAGGCGCGTCGTACCCGGTGAGGACAAGACGACGCGAG,23
GACGGGGCCCCGGCCGGGCCCGCGGACGAGGGAGCAGTACCCGCACCAGACAAGACTGACTCGGA,23
CCGGACCGCCCCCGGCGGCTCCCCGGACGAGACGCGCCGTACCCGGAACGCCAAGACGACGCATC,23
TCAGAAGCCCATTCCCGGCTCCCCGGACGAGGTGCGTCGTACCCGGCCTGCGACAAGACGGCGCTCG,23
CCAGAGACGCACAGCGCGACCTCCCGGACGAGGGAGCCGTACCCGGTCCATGACAAGACGGCCTGAA,23
GACGAGCCCCGCGAGGGCCCCGACGAGACGCGCCGTACCGGGACCGCAAAGACGACGCACC,23
TCGTGGCGGCCACGGTCGCCCCGGACGAGTGGTGGGCGTACCCGGTCAGGCCAAGACGCCCCGCG,23
GCAAGGCCCCGGCAGGGCCCCGGACGAGGGAGCCGTACCCGGAGTGCGACAAGACGGCCGT,23
GCTCAGGCGTTCCCTCCCGGACGAGGTGCGTCGTACCCGGCAGGCGAAGACGGCGCGTG,23
GAGCACCCGTGTGGGCTCATGGGCCCCGACGAGACGCGCCGTACCGGGGTGAAGGCAAAGACGACGCACC,23
GGATCGTCAGCGAGTGACACCGGACGAGGAGCGACGTACCCGGCCAGCGACAAGACGGCGCATG,23
GGCGTGCTTTTGCTAGCCTCGGAAGCCAGCCCGACGAGACGCGCCGTACCGGGACGAAGGCAAAGACGACGCACC,23
GGACCGGCCCTGTTCGCGGGCCGGTCCCGACGAGACGCGCCGTACCGGGCCCGGAAAGACGACGCACC,23
ACAGAGCCTTGATCAAGGCTCCCGGACGATGGGTGCCGTACCCGGTGTGCGACAAGACGGCCCGGG,23
GCAGGGCCCGGTCACCGGGCTCCCGGACGATGGGTGCCGTACCCGGTCAGCGACAAGACGGCCCAGG,23
CCAAGGCTTTCCCTTCCGGAGCCTCCGGACGACGGTTCAGTACCCGGCACGCGACAAGACTGGCCAAA,23
GGCGCGCCGCGGGGGCCGCCCGGACGAGTTCGCCGTACCCGGAGAGCGACAAGACGGCGACCA,23
GTGAGGTCCGGCGATCGGGCCTGCGGACGAGGGAGCAGTACCCGCACACGACAAGACTGACTCGAA,23
GCTTGCCCGGAACGCCGTGCCGGGGTTCGCGGACGAGGGAGCCGTACCCGCCCAGTGACAAGACGGCCAGA,23
GCGGACTGCTCACTGCGGGCCCCGGACGAGGGAGCTGTACCCGGGAAGGCGACAAGACGGCCAGA,23
GGAGAGCCCCGATCGGCTCCTGGACGAGTACGCCGTACCCAGCACACGACAAGACGGCGTAGG,23
TGAATGCGCCGTAGGGGCCGCCCGGACGAGTTCGCCGTACCCGGAATGCGACAAGACGGCGACCG,23
ACATTGTCAATGCTGACAACCGGACGAGGCGCGCCGTACCCGGCCAGCGACAAGACGGCGCTCG,23
CAGTCGCCCCCAGAGGGGCTGCACTCCGGACGAGAGCACCGCCGTACCCGGTCAAGATAAGACGGCGCGAC,23
TCGGAGGCTCGGACGTGCCTGCCCCGGACGAGATGTGCGCCGTACCCGGCCCGCCAAGACGACGCACG,23
GGCGAGCCGCGGACGCGGCTGCGGACGAGGGAGCAGTACCCGCACAGCGACAAGACTGACCGTT,23
ACAGAGCCTTAACGATGGCTTCCGGACGATGGGTGCCGTACCCGGTGTGCGACAAGACGGCCCGGG,23
GCAAGGCCCGGCACCAGGGCCTCCGGACGACGGTTCAGTACCCGGCACGCGACAAGACTGGCCAAA,23
ATCACGTCACATCCGTGACGCCGGACGAGGGGAACCGTACCCGGCCAGCGACAAGACGGTGCCGC,23
GTGAGGCCGCGTTCTGCGGCCGACCGGACGATCGCAACCGTACCCGGACCCCGACAAGACGGTATTTC,23
TCGTCCTTTTTGATACGGTCGTAAGAGCCCGACGAGACGCGCCGTACCGGGTCAGGACAAGACGACGCACC,23
GAGGTGAGCCGAGAGGGCTCGCCCGGACGAGGGAGCCGTACCCGGAACGCCATGACGGCCACC,23
GCTTTGCTACGGTGGTGGGGAACCCCCGACGAGACGCGCCGTACCGGGTAGCCGTGGCTGTAGGACAAGACGACGCACC,23
GCGGCGGCCCCTCGCGGCCGCCCCGGACGAGGTGCGTCGTACCCGGCACGACAAGACGACGCGGT,23
GGCCACGGCCCCTCCGGCCGCCGGACGAGTGGAGTCGTACCCGGAGCGCGACAAGACGGCCACGAA,23
CCGTGTCTTTGCTATGTTCGGAAGGAGCCCGACGAGACGCGCCGTACCGGGTGAAGGCAAAGACGACGCACC,23
GCGTCGGCGCGTTCCGCGATACCCCGGACGAGGTGCGCCGTACCCGGTGACGACAAGACGGCGCGTT,23
GGGTGGCCCTGGCGAGGGTCCCGGACGAGACGCGCCGTACCCGGTCAGGACAAGACGACGCACG,23
GATGGATCCGGAGCCGGATCCCCGGACGACGGATCAGTACCCGGTGAGCGACAAGACTGGCCAAG,23
GCACAGGCCGTACACCCCGGCCCCGGACGAGGCGGACCAGTACCCGGTGAGCGCAAAGACTGGCCCGA,23
TTTTTGCTACGGTGGTGGCACCCGACGAGACGCGCCGTACCGGGCTGGCAAAGACGACGCACC,23
GCTAGTTTTGAAGGACCCGACGAGACGCGCCGTACCGGGTGAAGGCAAAGACGACGCACC,23
GCAGGGTTCACCCCCCGGGCCGCACTCCGGACGAGAGCACCGCCGTACCCGGTCACGACAAGACGGCGCAT,23
GCTACGGTCGAGGACAGGCGAGCGATCGCCCCGGACGAGCGCGTCGTACCCGGCACGACAAGACGGCGCAGG,23
GTGGAGCTCGGTCATTGGGCTCGCGGACGAGGGAGCAGTACCCGCAAAGCGAAAAGACTGCCACC,23
CACGAGCCGATGACGGCGGACCGGACGAGGGAGCAGTACCCGGCAGCGCGACAAGACTGACTCGAA,23
CACTGGTCGGCATCCGACACCGGACGAGGGGCGCCGTACCCGGCCAGCGACAAGACGGCGTCAC,23
CCAAGGCTCCCATCCGGAGCCTCCGGACGACGGTCCAGTACCCGGAACGCGACAAGACTGGCCAAA,23
GACGGATCCCGACCGGATCCCCGGACGAGGGTTCAGTACCCGGTGAGCGACAAGACTGGCCATG,23
ACGGAGCCCCGACAAGGCGGCTTCCGGACGAGGGGTGCCGTACCCGGTGTGCGACAAGACGGCCCGCA,23
GCTTCCCTTTGCTAGTTTTGAAGGCAGCCCCGACGAGACGCGCCGTACCGGGTGAAGGCAAAGACGACGCACC,23
GTGGTACCCCGTCAACGGGGTCCCCGGACGAGTGGGTGCCGTACCCGGTCAGCGACAAGACGGCGCTCG,23
GGCCTGCCAGGATCTGGCACCGGACGAGGGTGGCACCGTACCCGGACAGCGACAAGACGGGCCTT,23
GGCCGGCCCGTCGCCGCGGGCCGCCGGACGAGGTGCGCCGTACCCGGCCCGACAAGACGACGCTCC,23
ACCTAGCCGCAACCGACGGCTCCCGACGACGGATCAGTACCGGGTACGCGACAAGACTGGCCAAG,23
TCCCCGTTTTTTGCTACGGTGGAACCACCCCGACGAGACGCGCCGTACCGGGTTGGCAAAGACGACGCACC,23
ACGGACCCGACACCGGGCCCCGACGAGACGCGCCGTACCGGGGTGAGGCAAAGACGACGCACT,23
CCAGAGGCGCACAGCGCGACCTCCCGGACGAGGGAGCCGTACCCGGTCCATCACAAGACGGCCTGAA,23
GACGGCCTTGTTTTGCTAGCTTGGGGACCCCGACGAGACGCGCCGTACCGGGTGAAGAAAAGACGACGCACC,23
GGCGGCCCGGTCCCGAGGCCCCGGACGAGATGCGCCGTACCCGGTTATGCACGACGACGCGCA,23
CTCAGGCCGCTGACCGCGGCCCCGGACGAGGGATCAGTACCCGGAACGCGACAAGACTGGCCACG,23
GCATGTTCTTTGCTAGCCTGGGGACACCCGACGAGACGCGCCGTACCGGGATGACGACAAGACGACGCACT,23
GGATCGCCAGCACATGGCACCGGACGAGGCACACCCGTACCCGGCCAGCGACAAGACGGGATGTT,23
CGTTCCCTTGCTAGCTTTGAAGGAGCCCGACGAGACGCGCCGTACCGGGATGCAGGCAAAGACGACGCACC,23
TAAAAGTGCCAAAGGCACCCCGGACGAGGTGCGCCGTACCCGGCCAGCGAAAAGACGGCGCGTG,23
CCCGGCGCCCACGGGAGCGTCCCGGACGAGACGCGCCGTACCCGGTCAGGATAAGACGACGCAGC,23
TTTGCTACGGTTGACGGAACCCCGACGAGCGCGCCGTACCGGGACCCTGCAAAGACGGTGCACC,23
CGCTTGCTACCGTGGAGGCCCCCGACGAGACGCGCCGTACCGGGACAGGGACCGTCAGGCCCGTACGCAAAGACGACGCACC,23
GACGGCGCTCGTGACGAGCGATCCGGACGAGGCACGCCGTACCCGGCCAGGACAAGACGGTGTCGA,23
GCTGATGCCAGCACATGGCACCGGACGAGGCGCACCCGTACCCGGCCAGCGAAAAGACGGGGTGTT,23
ACGCTGGCGCTCCGCGCCCGCCGCCGCTGAGAGCGCGTCGTACCCGGTCAGGACAAGACGACGCACT,23
GGCGCGACCATATAGGGCCGCCCGGACGAGTTCGCCGTACCCGGACAGCGACAAGACGGTGAAGT,23
TGAAGGTTCCCCTCTGGAACCTCCGGACGACGGTTCAGTACCCGGCACGCGACAAGACTGGCCAAA,23
CCAAGGTCCCGTTCGGCGGACCTCCGGACGACGGTTCAGTACCCGGCACGCGACAAGACTGGCCAAG,23
GCGGAGGCGCGGACGTGCCTGCCCCGGACGAGATGTGCGCCGTACCCGGTCCGCCAAGACGACGCACG,23
ACACGGCGATAAAATCGCCCCGGACGAGACGCGCCGTACCCGGTCATGCGAAGACGACGCTCC,23
CGCGAGCGCGCCAGCCGCGCTCGCGGACGAGGGAGCCGTACCCGCCCAGCGACAAGACGGCCAGAT,23
TTCTGCCCCCGACCAAGCGGGACCTGGACAAGGGAGCCGTACCCGGACAGCGACAAGACGGCCTGAA,23
GACTTGCTACGGTCGAGAACAACCCGACGAGACGCGCCGTACCGGGCCCCGCAAAGACGACGCACC,23
GCAGAGCCCCGACGGGCTCCCGGACGAGCGGTGCCGTACCCGGACAGCGACAAGACGGCGCCAG,23
GACCAGTGACGTTCACCGCCGGACGAGGGAGCCGTACCCGGACGACGACAAGACGGCCACGAA,23
TTCAGCGCATCACCAATGCGCCCGGACGAGGGAGCCGTACCCGGAAGACGACAAGACGGCCTCTA,23
TCACGGCCGCGATCGCGGCCTCCGGACGAGGGCACCCAGTACCCGGAACGCGACAAGACTGGCTCA,23
GCGGCGTCCGATTCTGGGCGTCGGCGGACGAGGGAGCAGTACCCGCCAGGACAAGACTGACTCGCA,23
CACGACGGTCCTCGGGCCGTCCCGGACGAGTGGTGGGCGTACCCGGTCAGGCACGACGCCCCGCG,23
GGAGGTCGCCGTCCGGCGACACCGGACGAGCAGCACCGTACCCGGCCAGCGACAAGACGGCGCCCT,23
ACAAGGCTCCGCACAGGACCCTCCGGACGACGGTTCAGTACCCGGCACGCGACAAGACTGGCCAAA,23
CGGAGGCGACCGCGCCCGGACGAGACGTGCGCCGTACCCGGACCGACAAGACGACGCTCG,23
GACGGATCCCCGACCGGATCCCCGGACGACGGATCAGTACCCGGTACGCGACAAGACTGGCCAGG,23
GTGTTGCTAGCCTCGGAAGCACCCCGACGAGACGCGCCGTACCGGGTCACGAAAGACGACGCACC,23
GTCAGGCCCGGTTCCGGGCCCCGGACGACGGATCAGTACCCGGTGAGCGACAAGACTGGCCAAG,23
AACCCGTCAGCAACTGACACCGGACGAGGCCCGCCGTACCCGGCCAGCGACAAGACGGCGCGGT,23
GCGGTTTGCTAGCGTGGGAGGACCCCGACGAGACGCGCCGTACCGGGCTGCACCACGGCAAAGACGACGCACC,23
GTTGGGTGGTCAACGACGACATCCGGACGAGCGCACCGTACCCGGCCAGCGAAAAGACGGTGCCTT,23
ATGGCGTCACCGTGTGACACCGGACGAGAGGCACCGTACCCGGCCAGCGACAAGACGGCAGC,23
CCCGCCCCGTTTGCTAGCGTGGGAAGGACCCGACGAGACGCGCCGTACCGGGACCCGCAAAGACGACGCACC,23
TCAGAGCCCCGGCCCGGGGCCTCCGGACGAGGGGTGCCCTACCCGGTGTGCGACAAGACGGCCCGTA,23
TACCAGTCAGGACGACACCCGGACGAGCACACCGTACCCGGCCAGCGACAAGACGGTGTTGG,23
GCGTAGCCATATGGACCGCCCGGACGAGTTCGCCGTACCCGGACAGCGACAAGACGGCGAATG,23
GCAGAGCCCGGCAGGCTCCTGGACGAGGTGCGCCGTACCCAGTCATGACAAGACGGCGCGAA,23
GCCGGACCCGACGTCAGCGCGGGTCCCCGGACGAGGGGCGCCGTACCCGGAGAGCGACAAGACGGCAGCCGA,23
CAGTCGCCCCTCAGGGGACGCACTCCGGACGAGAGCACCGCCGTACCCGGTCACGACAAGACGGCGAGA,23
GACGCGGACCACAACCGGTCCCCGGACGAGGGTTCAGTACCCGGTGAGCGACAAGACTGGCCGAA,23
GCAGAGCCCCGATCGGCTCCTGGACGAGCGCGCCGTACCCAGCACACGACAAGACGGTGCCCG,23
CGGGCCTTTCTTTGCTACGTTGGAAGGACCCCGACGAGACGCGCCGTACCGGGTGAAGGCAAAGACGACGCACC,23
CCGGCGGCCGGTCCACGGCCCCGGACGAGATGCGCCGTACCCGGTTACGCACGACGACGCGCG,23
GGCAAGCCTCAGCAAGGCTCCGGACGAGCGCGCCGTACCCGGTCGGACACGACGGTGCCCC,23
GCGGCGGCCCCGGGGTCGCCCCGGACGAGTGGTGGGCGTACCCGGTCAGGCCAAGACGCCTCACG,23
TGCTATGTTGGAGACACCCCCGACGAGACGCGCCGTACCGGGTTGTAAACGGAAAGACGACGCATC,23
AGTGGTCCAGGTGCTGGACCCCGGACGAGGGAGCTGTACCCGGCGAGCGACAAGACGGCCTTCG,23
ACCCCGCCACCCAGGCACCCCGGACGAGGTGCGCCGTACCCGGTCAGCGACAAGACGGCGCGTG,23
ACGGTGGTGGGGAACCGCCCCGACGAGACGCGCCGTACCGGGCAGCTGGACGCAAAGACGACGCACC,23
CGCTGCCTTTTGCTACGGTTGGGGGAACCCGACGAGACGCGCCGTACCGGGTACGACAAGACGACGCACC,23
CCCTTGGCGGGCCGGCCGCCCCGGACGAGCGCGTCGTACCCGGTGACGACAAGACGGCGCAGT,23
GAGACGTCAGCACCTGACACCGGACGAGGGGCCCCGTACCCGGCCAGCGACAAGACGGGCGCC,23
GTGGATGCCCGCGGTGGGCGGTTCCCCGGACGAGGCACGTCGTACCCGGCTCCGACGACGACGTGGC,23
GCTGAGGGCGATCTCCGCCTTCCCGGACGAGGTGCGCCGTACCCGGCACGACAAGACGACGCTGA,23
GCGGAGGCTCGTAGGTGCCCGCCCCGGACGAGATGTGCGCGTACCCGGCCCGCTAAGACGACGCACT,23
GGCTGCCCTTTGCTACGGTGGTGGGGAACCCCGACGAGACGCGCCGTACCGGGTACGACAAGACGACGCACC,23
GAGCGGCCGGCATACCCCGGCCCCGGACGAGGCAGGCCAGTACCCGGTGAGCGCAAAGACTGGTCCGA,23
GCTTTGCTATGTTCGGAAGCGAGCCCGACGAGACGCGCCGTACCGGGATGCAGGCAAAGACGACGCACC,23
CTCTCGCTCGATGCAGCCCGGACGAGACGCGCCGTACCCGGTGAAGCCAAGACGACGCACC,23
GCAGGAGCCAGCCAGAGCTCCCCGGACGAGGTGCGTCGTACCCGGCTTGCGACAAGACGGCGCGTG,23
AGCGAACCCGGCGCAGGGTTCCCGGACGAGGGTGCCGTACCCGGTGTGCGACAAGACGGCCTGCG,23
CTCGGGACCTCGGTCATCCCGGACGAGTCGTGGGCGTACCCGGTCAGGCCAAGACGCCCCGCG,23
GCCGAGCCCGCGATGCGGCTCCCCGACGACGGATCAGTACCGGGAACGCGACAAGACTGGCCAGG,23
GCTGCCGTTTGCTAGCCTCGGGACGCACCCGACGAGACGCGCCGTACCGGGTCAGGACAAGACGACGCACC,23
GGCTCCGGCGGCCCTGCCGCCCCGGACGAGTGGTGGGCGTACCCGGTCAGGCCAAGACGCCCCGCG,23
ACGGTGCGAACGGCGCCGCCGGACGAGGACGACCCGTACCCGGACAGCGACAAGACGGGCCGCG,23
CCCGTGAGCCCGACCGGCTCCCGGACGAGGGTGGTCGTACCCGGACACGCGACAAGACGTCCACGA,23
CCTTTGCTAGCCTCGGAACCCACCCGACGAGACGCGCCGTACCGGGTCAGGACAAGACGACGCACC,23
CCGCTGCCCTTTGCCAGCCTCGGGACGCACCCGACGAGACGCGCCGTACCGGGTCAGGACAAGACGACGCACC,23
GTGCCGTCAGCAACTGACACCGGACGAGGGGCCCCGTACCCGGCCAGCGACAAGACGGCGCCGT,23
GCATGCCCTTTGCTATCGTGGTGGGACCCCGACGAGACGCGTCGTACCGGGTCAGGACAAGACGACGCACC,23
CGGGAGCCGATGACGGCGATCCGGACGAGGGAGCAGTACCCGGCACCACGACAAGACTGACTCGAA,23
GTACCAGTCTCGATGACTAACGGACGAGCGCACCGTACCCGGCCAGCGACAAGACGGTGCATG,23
AGCTAGCCGACGACTGCGACCGGACGAGGGAGCAGTACCCGGAACGCGACAAGACTGACTCGAA,23
GTACCGTCGTACTGGTCTCGATGACATCCGGACGAGCGCACCGTACCCGCCAGCGACAAGACGGTGCAGG,23
ACAGAGCCCGACCGGCTCCTGGACGAGGTGCGCCGTACCCAGACATGACAAGACGACGCGGG,23
GTGTTGCTAGCCTCGGAAGTACCCCGACGAGACGCGCCGTACCGGGTCACGAAAGACGACGCACC,23
CGAGAGCCCGGACTGGGGCTCCCGGACGAGGGGCGCCGTACCCGGAACGCGACAAGACGGCCCAGG,23
TACATATTTAAATACCCGGACGAGACGCGCCGTACCCGGTTAAGACAAGACGACGCCAT,23
GGCGCGCCGCAGGGGCCGCCCGGACGAGTTCGCCGTACCCGGAAAGCGACAAGACGGCGACCG,23
GGTCGCCCGCTCCCTGGGGGCTCGGACGAGGCTGCCGTACCCGATCAGCGCAAAGACGGCAGGTC,23
GCGGTGGCTGTTTTCCCCGCCATCCCGGACGAGCGCGTCGTACCCGGTGACGACAAGACGACGCAGT,23
TGCGCTTTGCTAGCCTCGGAAGATACCCGACGAGACGCGCCGTACCGGGTCAGGACAAGACGACGCACC,23
GCACGGCCGGGGACCGGCCGCCGGACGAGGGAGCCGTACCCGGAGCGCGACAAGACGGCCACGAA,23
GACGAGCCCGGTGCGCGGGCTCCCGGACGAGGGGTGCCGTACCCGGAGTGCGACAAGACGGCCCGAG,23
ACAGGTGGTCCTCGCGGCCGCCCCGGACGAGCGCGTCGTACCCGGTCACGACAAGACGGCGCAGT,23
AGTCGGACCCGCGAAGGGTCCGCCGGACGAGGGAGCCGTACCCGGATCGCGACAAGACGGCCACGAA,23
CGCGGATCCCGAACCGGATCCCCGGACGACGGATCAGTACCCGGTGAGCGACAAGACTGGCCATG,23
TGGATGCTGGCGACCCGCCCCGGACGACGGATCAGTACCCGGTGAAGACAAGACTGGCCAGC,23
ACAGAGCCTTGATCAAGGCTTCCGGACGATGGGTGCCGTACCCGGTGTGCGACAAGACGGCCCGGG,23
ACAGAGCCTGAACCGGGCTCCCGGACGATGGGCGCCGTACCCGGAACGCGACAAGACGGCCCGCA,23
TTCGGTCGTGTCGGCACGGCCCCGGACGAGCGCGTCGTACCCGGTCAGGCGAAGACGGCGCAGT,23
GAAGAGCCTCAATGAAGGCTTCCGGACGAGGGGTGCCGTACCCGGCGAGCGAAAAGACGGCCCAGG,23
CGTGAACCCGGCATTCGGGTTCCCGGACGAGGGAGCCGTACCCGGACGCGCGACAAGACGGCCACGGA,23
CGTGTTTTGCTATGTTTGCAAGGACCCGACGAGACGCGCCGTACCGGGACCCGCAAAGACGACGCACC,23
ACATTGCCTGCACATGGCACCGGACGAGGCGGCACCGTACCCGGCCAGCGACAAGACGGAGCCTT,23
CGGCGGCCGGATTCCCGGCCTCGGACGAGATGCGCCGTACCCGGTCACGCACGACGACGCGGG,23
CGCGGCTTGCTACGGTGGGAGGAACCCGACGAGACGCGCCGTACCGGGTCACGCAAAGACGACGCACC,23
CCGGACCGCCCACCCGGCGGCTCCCCGGACGAGACGCGCCGTACCCGGAACGCCAAGACGACGCATC,23
CCAGAGGCGTTTCCGGCCTCGCGGACGAGGGAGCAGTACCCGCACAGCGAAAAGACTGACTCGGA,23
GTGGCGGCTCATAGGTGCCTGCCCCGGACGAGATGTGCGCCGTACCCGGCCCGCCAAGACGACGCACT,23
CGATGGCCGCGCCAGACCGGCACCCGGACGAGGCGCGTCGTACCCGGCCAGCGACAAGACGATGCCCA,23
ACGGAGCCCCCGGTCAGTCAGGTGGGCTCCCGGACGAGGGGTGCCGTACCCGGTGTGCGACAAGACGGCCCGCA,23
CTCGGTCCGCCGATCCGCGCGGGCCCCGGACGAGGGGTGCCGTACCCGGACAGCGACAAGACGGCCCAGA,23
GCCAGGGCCGGAGGGCGGCCTTCCGGACGAGGGAGCAGTACCCGGAGCGCGACAAGACTGACTCACG,23
AACCTATCGATTTTCGATCCGGACGAGACGCGCCGTACCCGGTAAGGACAAGACGACGCAGC,23
GGTGAGCCCGGGGATCGGGCTTCCGGACGAGGGGTGCCGTACCCGGAGTGCGACAAGACGGCCCGAG,23
GAGGAGCCGATCCGGCCGCCCCCGGACGAGGTACGCCGTACCCGGTCAGCGACAAGACGGCGTGGT,23
TGCTACCGTGGAGGGCACCCGACGAGACGCGCCGTACCGGGGCAAGGCAAAGACGACGCACA,23
CCGGACCGCCGCACGGCGGGCTCCCCGGACGAGACGCGCCGTACCCGGATCGCCAAGACGACGCAGC,23
AGAATCGATTTCGCTACGCCCGGACGAGACGCGCCGTACCCGGTCAAGACAAGACGACGCACT,23
GCAGAGCCCGACAGGCTTCTGGACGAGGTGCGCCGTACCCAGTCATGACAAGACGACGCGGA,23
GTTCTTTGCTACGGTGGCAACCACCCCGACGAGACGCGCCGTACCGGGACACGGAAAGACGACGCACC,23
AGGGACCCGAGAGGGCCCCGACGAGACGCGCCGTACCGGGGTGAAGGCAAAGACGACGCACC,23
CGCGAGCCTGCCTCACCGGGCTCCCGGACGAGGGGCGCCGTACCCGGTGTGCGACAAGACGGCCCGTC,23
AGAACCCGGCCTTCGCGGCCCCGGACGAGACGCGCCGTACCCGGTGAGGACAAGACGACGCCAA,23
AAGATGTCACCGTGTGACACCGGACGAGAGGCACCGTACCCGGCCAGCGACAAGACGGCAGC,23
GACGGGCCTGCCGCGGGTGGCGGGCCCCCGGACGAGCGGCGCCGTACCCGGAGAGCGACAAGACGGCAGCCAC,23
ACAGACTGCTGACACAGACCCGGACGAGCGCACCGTACCCGGCCAGCGACAAGACGGTGCCAG,23
TCCAACGCCGCATCGCCGGCGTTCCGGACGAGCGCGCCGTACCCGGTCACGACAAGACGGTGCAGT,23
TGCTAGCCTCGGTGACCACCCGACGAGACGCGCCGTACCGGGTCACGACAAGACGACGCACC,23
CCGGTGGCCCGCGAGGGTCCCCCGGACGAGTCGTGGGCGTACCCGGTCAGGCCAAGACGCCCCGTG,23
GCGATGTCACCAGTTGACACCGGACGAGCGGCACCGTACCCGGCCAGCGACAAGACGGCGCTCA,23
GGCGCGCCGCAGCGGCCGCCCGGACGAGTTCGCCGTACCCGGAGAGCGACAAGACGGTGACCG,23
TCTTTGCTACGGTGGGGTGACCCCGACGAGACGCGCCGTACCGGGTTCTGCAAAGACGACGCACC,23
CCTTTGCTATGTTCGAGAGTGAACCCGACGAGACGCGCCGTACCGGGTCGAAGGCAAAGACGACGCACC,23
TGCCAGTCTCTTCATGACTAGCGGACGAGCGCACCGTACCCGGCCTGCGACAAGACGGTGCATG,23
TCAGAGCCTCGACTGCAGGCTCCCGGACGAGGGGCGCCGTACCCGGCACGCGACAAGACGGCCCGCA,23
GCCGTTCTTTGCTAGCCTGGAGACACCCGACGAGACGCGCCGTACCGGGATTCCGACAAGACGACGCACC,23
GTCGACGCCCGCATGGGGCGCCCGGACGAGCCCGCCGTACCCGGTCAGCGACAAGACGGTGGCTT,23
TATTGCCGTGGTTGCACGGCCCGGACGAGCGCGTCGTACCCGGTTACGCGAAGACGGCGCAGT,23
TCCTTGCTACCTTGGGAAGCACCCGACGAGACGCGCCGTACCGGGTGAAGGAAAAGACGACGCACC,23
GTGAGGCTCGGCGAGCGGGCCTGCGGACGAGGGAGCCGTACCCGCACCACGACAAGACGGACTCACG,23
CTGCGGCGGCCCCGAGCCGCCCCGGACGAGTGGTGGCGTACCCGGTCAGGCCAAGACGCCCCGTG,23
GCTACGGTGGGACCACCCCGACGAGACGCGCCGTACCGGGTTGGCAAAGACGACGCACC,23
GGAATTTGCTATCGTGAGGGGAACCCGACGAGCGCGTCGTACCGGGACCATGCAAAGACGGCGCACC,23
GACTCTACGGAGGGGCAGCACTCCGGACGAGAGCACCGCCGTACCCGGTCACGACAAGACGGCGCGCC,23
GTCGGGCCGCCTCCCGGCCCCCGGACGAGCGGTGCCGTACCCGGACAGCGACAAGACGGCGCCTG,23
CGGAGCCTGACAGGATCCGGACGAGGCGCACCGTACCCGGCTCGGCAAAGACGGTGCACT,23
GTTCACTTGAACGAGCGGTCAAGCTCCCGGACGAGACGCGCCGTACCCGGAACGCCAAGACGACGCACT,23
GGTGAGGCCCGGTCACCGCGGCCTCCCGGACGAGGGGTGCTGTACCCGGCAGACGACAAGACGGCCCGTG,23
ACGGGCTTGCTAGCGTGGAAGGCGCCCGACGAGACGCGCCGTACCGGGATGAAGGCAAAGACGACGCACC,23
TGCTAGCCTCGGTGGCAACCCGACGAGACGCGCCGTACCGGGTCAGGACAAGACGACGCACC,23
ACGGCACCGCGACGCGGCTGCCCCGGACGAGTTGCGTGTCGTACCCGGCCTGACAAGACGACCGCCTT,23
ACGGTGGCCCGGTACGCCGTGGCCACCCCGGACGAGTCGTGGGCGTACCCGGTCAGGCCAAGACGCCCCGCG,23
CGGTAGTCAGCAATGTGACACCGGACGAGGGGTGCCGTACCCGACCAGCGACAAGACGGCACCGT,23
CCTTTGCTACGGTGGAAGCACCCCGACGAGACGCGCCGTACCGGGTTCCGCAAAGACGACGCACC,23
AGGAAGGCCCGCAGAGGGACCTCCGGACGACGGTTCAGTACCCGGCACGCGACAAGACTGGCCAAA,23
GGACAGCCGATGACGGCGACCGGACGAGGGAGCAGTACCCGGACAGCGACAGGACTGACTCGAT,23
GGAGGGCGCTCACGCGACCCCGGACGAGGTGCGCCGTACCCGGTAGGACAAGACGGCGCGTA,23
GGGGACCCGAGAGGGCCCCGACGAGACGCGCCGTACCGGGGTGAAGGCAAAGACGACGCACC,23
CAGGAGCCGGTGACCCCGCTCCCCGGACGAGGTGCGTCGTACCCGGACAGCGACAAGACGACGCGAT,23
ATAGCGGCGCGCCGCAGGGGCCGCCCGGACGAGTTCGCCGTACCCGGAAAGCGACAAGACGGCGACCG,23
GCGCAGCGAGCGATCGAGGCCCCGCCTCCGGACGAGCGCGACGTACCCGGTGAGGCGAAGACGGCGCAGT,23
ATAGACCGCTTCCTGCGGTTCCGGACGAGGGATCAGTACCCGGTAAGCGACAAGACTGGCCACG,23
TCTTTGCTACGTTGGGGTGACAGCCCGACGAGACGCGCCGTACCGGGTCAAGCGAAAGACGACGCACC,23
TCGAGGCCGCCACTCCCGCGGCCGACCGGACGATCGAAACCGTACCCGGGCAGCGACAAGACGGTATTCC,23
GCAAGCCCGTGCACGACGGGCCCGGACGAGCGCACCGTACCCGGCAGGCGACAAGACGGTGCAGG,23
GCGGAGGCTCTCAAGTGCCGGCCCCGGACGAGATGTGCGCCGTACCCGGTCCGCTAAGACGACGCACT,23
GCGGTGGCCCGGTCGGCCACCCCGGACGAGCGGCGGCGTACCCGGTCAGGCCAAGACGCCCCGAC,23
AGGCAGCGCGTTTGCGCACCCGGACGAGGCGGGCCAGTACCCGGACAGCGAAAAGACTGGCTCTCA,23
CGACTCGGCCGGGCCGCCCCGGACGAGTCGTGGGCGTACCCGGTGAAGCAAGACGCCCCGTG,23
ATAGCGGCGCGCCGCAGGGGCCGCCCGGACGAGTTCGCCGTACCCGGAAAGCGAAAAGACGGCGACCG,23
GTGGGCTTGCTACGGTGGGGGGACCCCGACGAGACGCGCCGTACCGGGTTTCCGCAAAGACGACGCGCC,23
AGGGGCTTCGCTCTGAGTCGAAGCGCGGACGAGGGAGCAGTACCCGCCCAGCGACAAGACTGCCACGGA,23
CCGGTGGCGGCATTTCCGCCACCCCGGACGAGCGCGTCGTACCCGGTGACGACAAGACGGCGCAGT,23
TCAGAGCCTGGGACCAGGCTTCCGGACGAGGGGCGCCGTACCCGGCACGCGACAAGACGGCCCGCA,23
GCGCTGAGCCGACCCGGCTCGCCGGACGAGGGAGCCCGTACCCGGACAGCGACAAGACGGCCTCAT,23
CCAGAATCTGATTCAGGTTCCCGGACGATGGTCAAGTACCCGGACAGTGACAAGACTTGCCGAA,23
GTGGAGGCGTCAACGACGACATCCGGACGAGCGCACCGTACCCGGCCAGCGACAAGACGGTGCCTA,23
GATATGCTATAAAATAATCTCCGGACGAGACGCGCCGTACCCGGTTAAGACAAGACGACGCCTT,23
TGCTAGCCTCGGAGGCATCCCGACGAGACGCGCCGTACCGGGTCAGGACAAGACGACGCACC,23
ACGGAACCTCCTCAACGAGGTCCCCGGACGAGTGGGTGCCGTACCCGGCCAGCGACAAGACGGCGCTCT,23
GATTGGCATGTGAACCATGCGATCCGGACGAGGGGCACCGTACCCGGCCAGCGACAAGACGGCGCCGA,23
TCCCGGTCAGCAACTGACAACCCGACGAGGTGCACCGTACCGGGCCAGACAAGACGGTGTTGC,23
GGGCGGATGCCGGCAGCATCCCCGGACGACGGTTCAGTACCCGGCACGCGACAAGACTGGCCAGG,23
GGCCGGTCCCCGCACAGGTCGGGACCGGTCCCGACGAGACGCGCCGTACCGGGCAGAGCAAAGACGACGCACC,23
TGCAGGCGGAGCACTCCGCCGGCGGACGAGGGAGCCGTACCCGCACTCGCGACAAGACGGCCGCA,23
CAGGAGTCGGTGACCCCGCTCCCCGGACGAGGTGCGTCGTACCCGGTCAGCGACAAGACGGCGCAGG,23
GGCGAGCCGCGCACCGCGGCGACCGGACGAGGTCACGTACCCGGATCGCGACAAGACGTGTCGTC,23
TGCTACCCTTCAGGAGACCCGACGAGACGCGCCGTACCGGGCCGAGAAAAGACGACGCACC,23
GCCTGTCTTTGCTAGGTTGGAGGGACCCCGACGAGACGCGCCGTACCGGGCTGAAGGAAAAGACGACGCACC,23
GCAGAGCCCGACGCCGGGCTCCCGGACGAGGGTGCCGTACCCGGACAGCGACAAGACGGCCGCATG,23
GCGTAGCCATATGGGCCGCCCGGACGAGCTCGCCGTACCCGGACAGCGACAAGACGGCGAATA,23
TGTTGCTAGCCTGGGTGAGAACCCGACGAGACGCGCCGTACCGGGCCACGACAAGACGACGCACC,23
TGATGGCCCGGAACGATGGCCACCGGACGAGGGCGCAGTACCCGGAACGCGACAAGACTGACCACC,23
CACGCCCTTTGCTACCTTGGAAGGACCCCGACGAGACGCGCCGTACCGGGATCCGCAAAGACGACGCACC,23
ATGGAGCCCTGTTCTCGGGCTCGCGGACGAGGGAGCAGTACCCGCACCGGACAAGACTGACTCAGG,23
GCGAGGTTCCGACGTCGGACCCGCGGACGAGGGAGCCGTACCCGCATCGCGACAAGACGGCCAGA,23
GTACCGTTCGAGAACCTGTGGACTCCGGACGAGGTGCGCCGTACCCGGTCATGACAAGACGGCGCCTA,23
CCGGAGCCGCCCACCGCGGCCACCCCGGACGAGCGCGTCGTACCCGGAACGACAAGACGGCGCCCC,23
TCAGCACTCAAATTCTGAGTGTCCGGACGATGTGCGACGTACCCGGTGAAGACAAGACGACGCTTT,23
GCATGTTCTTTGCTACGGTGGGGGCACCCGACGAGACGCGCCGTACCGGGCTTCGAAAAGACGACGCACC,23
GCGTTTCTTTGCTACGTTTGGAAGGAGCCCGACGAGACGCGCCGTACCGGGATGCCGCAGGAAAAGACGACGCATC,23
GGGTCGAGCCCGACCGGCTCCCGGACGAGGGTGGTCGTACCCGGAGTGCGACAAGACGACCACGT,23
GTGATGGCGCGATCAGCTGCGCCGTCCCGGACGAGAGGGCGCGCCGTACCCGGAACGACGACGGCGCTCG,23
ACCAGCCCGGATGAACCGGGCCCGGACGAGGGAGCCGTACCCGGTGCTGCGACAAGACGGCCAGA,23
GGCCCGGCTCGCCGAGGCCACTCCGGACGAGTCGTGGGCGTACCCGGTCATGCAAGACGCCCCGCG,23
GAAGCGGCGGTGCTCCCGCCCCGGACGAGCGCGTCGTACCCGGTGACGACAAGACGGCGCAGT,23
CCTGGCCGCGCGCGCCCGCGCGGCCCCGGACGAGGCGCGTCGTACCCGGTGACGACAAGACGACGCGAG,23
GCAGAGGCTGAGTCAGCCTCCCGGACGAGGGGCGCCGTACCCGGTCAGCGACAAGACGGCCCGGG,23
AGGCGGTCGGCGAACTCCGACCCCGGACGAGGTAGACCAGTACCCGGTGAGCGAAAAGACTGGTCCGG,23
GGGTGGTCCCCCACGGGGACCCCGGACGAGGGGTGCCGTACCCGGAGAGCGACAAGACGGCACCAG,23
TTCAGGTGCGCGAACCGCACCCCGGACGAGGTGCACCGTACCCGGCCCCACGACAAGACGGCGCGCG,23
GCGGAGGCTCTCAAGTGCCGGCCCCGGACGAGATGTGCGCCGTACCCGGTCCGCTAAGACGACGCACT,23
CGCTCGCGTGTGCAGGCGCCACGCCCGGACGAGAGCACCGCCGTACCCGGTCAAGACAAGACGGCGTGAC,23
GTATTTCAGTTTCTGCGACTGAGGTGCCCGGACGATGTGCGACGTACCCGGTCAGGACAAGACGACGCTTT,23
GACGCGGTATGACGTGACTAGATATTCTCCGGACGAGGTGCGCCGTACCCGGTCAAGACAAGACGACGCCAC,23
TGGTGGACCCCGACAGGTCCCCGGACGAGGGTTCAGTACCCGGTGAGCGACAAGACTGGCCGAA,23
CGATCCCGCCTTTGTTACAGTGGCAGGGCCCGACGAGACGCGCCGTACCGGGATGCAGGCAAAGACGACGCACC,23
CCCTGATCGGCGTACACCGATCCCGGACGAGGCAGGCCAGTACCCGGTGAGCGAAAAGACTGGTCCGA,23
AAGACGTCAACATGACATCCGGACGAGCAGCACCGTACCCGGCCAGCGACAAGACGGTGCCTT,23
GCATGCCCTTTGCTAGCGTGGAGGGACCCCGACGAGACGCGCCGTACCGGGTCACGCAAAGACGACGCACC,23
TGGTGGCCCGGTGTCGGGCCGCTCCGGACGAGTGGTGGGCGTACCCGGTCAGGCCAAGACGCCCCGCG,23
AGGGATCGCGGCGACTGCGATCCCGGACGACGGTTCAGTACCCGGAGCGCGACAAGACTGGCCAAG,23
CGAGGCGGGTGCTGGTGGCCCGTCCCGGACGAGGTGCGTCGTACCCGGTATGACAAGACGGCGCGGT,23
GGCGGGCCGGCCCCCAGCACCCCGGACGAGGTGCGCCGTACCCGGAACGACAAGACGGCGCGGA,23
CGGGACGCCCGTGGGTCGCTCCGGACGAGTGGTGGGCGTACCCGGTCAGGCCAAGACGCCCCGCG,23
GGAGAGCTCGACCTGCTCCTGGACGAGGTGCGCCGTACCCAGCCATGACAAGACGGCGCGGG,23
GCCAAGCGGGCACTTCGGTCCGCATCCGGACGATGGAGCCGTACCCGGGATCACGACAAGACGGCCAGA,23
GCAGAACCCGATTCGGGTTCCCGGACGATGGGTGCCGTACCCGGCGACGCGACAAGACGGCCCACA,23
ATCGTCGGGTCCGTACCCTGACGAGACGCGCCGTACCAGGGCCCATGCAAAGACGACGCACC,23
GTGGAGCCGCCGCCGCGGCCGCCCCGGACGAGTGCGTCGTACCCGGCACGACAAGACGACGCCCA,23
TCTTTGCTGGGTTGAGGAGCGGAGCCAGCCCGACGAGACGCGCCGTACCGGGTGAGAGACGTAAAGACGACGCACC,23
ACCGGATCCCACCCGGATCCCCGGACGACGGATCAGTACCCGGTGAGCGACAAGACTGGCCGGG,23
GCTAGCCTCGGTGGGGAACCCGACGAGACGCGCCGTACCGGGACGAAGGCAAAGACGACGCACC,23
GAGCAGTCGGGCGACACCGACTCCGGACGAGGCAGGCCAGTACCCGGTGAGCGACAAGACTGGTCCGG,23
AAGGAGCCCATGACGGGCCACCGGACGAGGGGTGCCGTACCCGGCGAGCGACAAGACGGCCCACA,23
AATGAGGCCCTGACCGGCCTGCGGACGAGGGAGCAGTACCCGCACAGGACAAGACTGACTCAGA,23
GCAGGCGCGCAGCCTGTGCGTTCCGGACGAGGGAGCCGTACCCGGTAGCGCGACAAGACGGCCAGA,23
ACCGGATCCGCAACAGGGTCCCCGGACGACGGATCAGTACCCGGTGAGCGACAAGACTGGCCATG,23
GGAAACGCCTCGACAAGGCGACCGGACGAGCACCGCCGTACCCGGCAGACGACAAGACGGCGCGTA,23
GGCACGAGCCGATCAGGCTCGCCGGACGAGGGAGCCGTACCCGGACTGCGACAAGACGGCCTTCC,23
TCGCGCCCTTTGCTACCTTTGGGGGAACCCGACGAGACGCGCCGTACCGGGTCACAAGGCAAAGACGACGCACA,23
ACAGGCGTCGCGTGTTCCGGCGCCCCGGACGAGGTGCGTCGTACCCGGTCAGCGACAAGACGGCGCGAT,23
AGGACGCCCGGCAAACGGGCCACCGGACGAGGGGTGCCGTACCCGGCGAGCGACAAGACGGCCCACA,23
GGCATTCCCGAGATGGGATTCCGGACGATGGGTGCCGTACCCGGTGTGCGACAAGACGGCCCGCG,23
TTAGATCGCGTGATTCGCGATCCCGGACGACGGATCAGTACCCGGAGCGCGACAAGACTGGCCACG,23
GCAAGGACCCCGCTTCGGGTCCTCCGGACGAGGGATCAGTACCCGGCGCGCGACAAGACTGGCCATG,23
GCGGAACCCGACGGCGGGTTCGCGGACGAGGGAGCAGTACCCGCACCACGACAAGACTGCCGCGAA,23
GCTGTCCTTTGCTACGTTGGAACGGCACCCGACGAGACGCGCCGTACCGGGTCAAGGCAAAGACGACGCACC,23
CCTGTTCTTTGCTAGCCTGGAGACACCCCGACGAGACGCGCCGTACCGGGTTGACGACAAGACGACGCACC,23
GGCGTGCCAATATGAAGGCAGCCGCTAGGCACCCGGACGAGGTGCGCCGTACCCGGCCAGCGACAAGACGGCGCCGT,23
GGGGTGCCGCAGCAAGAGCGGCATCCGGACGAGGGCGCAGTACCCGGAACGCGACAAGACTGACCAC,23
GTACCAGTCTCGACGACTAGCGGACGAGCGCACCGTACCCGGCCTGCGACAAGACGGTGCATG,23
CCCGTGAGCCCAACCGGCTCCCGGACGAGGGTGGTCGTACCCGGACACGCGACAAGACGACCACGA,23
GCAGGGCCGTGAATTCTCCGGCCCCCGGACGACGGTTCAGTACCCGGAACGCGACAAGACTGGCCAAA,23
CGCGGCGCTCCTTCAGACAGAGCGTCCCGGACGAGACGCGCCGTACCCGGTCAGGATAAGACGACGCAGC,23
GGGCCGTCAACCCCTGACACCGGACGAGGGGCGCCGTACCCGGCCAGCGACAAGACGGCGTCGA,23
GCACAGCCCCGATGGGGTTGCCGGACGAGGGCGCAGTACCCGGAACGCGACAAGACTGACCACT,23
GGCGAGCCACGGGGGCCGCCCGGACGAGTTCGCCGTACCCGGCCAGCGACAAGACGGTGAGTG,23
GCTATGTTCGAAAGCGGTCAGCCCGACGAGACGCGCCGTACCGGGATCCCCGACCCCCAGGAAAAGACGACGCACC,23
TCAGCGCCCGAGAACGGGCGACCGGACGAGGGGTGCCGTACCCGGAGCGCGACAAGACGGCCCGAG,23
GGCGCCGCACCGCGAGCGCCCCGGACGAGTTGCGCGTCGTACCCGGCCTGACAAGACGACCGCCTT,23
ACGGGAGTACAACATGTCTTCCCCGGACGAGGTGCGTCGTACCCGGTCACGACAAGACGGCGCGGA,23
CCCGTTCTTTGCTACGGTGGGGGGACCCCGACGAGACGCGCCGTACCGGGCTGGCAAAGACGACGCACC,23
GTATGCCCTTTTGCTACGGTGGAGGGGAACCCCCGACGAGACGCGCCGTACCGGGTAGCTGGCTGAAAAGACGACGCACC,23
ACAGAGCCTTGATCAAGGCTCCCGGACGATGGGTGCCGTACCCGGTGTGCGACAAGACGGCCCGGG,23
CGCGCCCCCGCTTTGCTACGGTGGGGACACCCGACGAGACGCGCCGTACCGGGCTTTCGCAAAGACGACGCACC,23
GATATGCTATAAAATAATCTCCGGACGAGACGCGCCGTACCCGGTTAAGACAAGACGACGCCTT,23
GCAGGTTCGCCGCGGCTTGCGCGAGCCCCGGACGAGGGAGCCGTACCCGGCAACGCGACAAGACGGCCAGG,23
GTATTTCAGTTTCTGCGACTGAGGTGCCCGGACGATGTGCGACGTACCCGGTCAGGACAAGACGACGCTTT,23
AAATCGTCGACACGACATCCGGACGAGCGCACCGTACCCGGCCAGCGACAAGACGGTGCCCG,23
CTGGCCGCGCGACCCCGCGCGACCCCGGACGAGGCGCGTCGTACCCGGTGACGACAAGACGACGCGAG,23
TGCGGCGTCCATTTCCGGATGCCGGCGGACGAGGGAGCAGTACCCGCACAGACAAGACTGACTCGCA,23
GGTGGCGTCCTTTGCTACGTTGGAACGACCCCGACGAGACGCGCCGTACCGGGTAGGAAAAGACGACGCACC,23
GGGTAGCTGCAACGACAGCTCCCGACGACGGATCAGTACCGGGTACGCGACAAGACTGGCCAAG,23
GATATGCTATAAAATAATCTCCGGACGAGACGCGCCGTACCCGGTTAAGACAAGACGACGCCTT,23
GTGCCGTCAACAACTGACACCGGACGAGGGGCCCCGTACCCGGCCAGCGACAAGACGGCGCCGT,23
GCCATGTCACCAGTTGACACCGGACGAGCGGCACCGTACCCGGCCAGCGACAAGACGGCGCTTT,23
GAGACGTCAGCACCTGACACCGGACGAGGGGCCCCGTACCCGGCCAGCGACAAGACGGGCGCC,23
TCAGAGCCTGGGACCAGGCTTCCGGACGAGGGGCGCCGTACCCGGCACGCGACAAGACGGCCCGCA,23
GTCGGGCGCCCTCCCGCGCTCCCGGACGAGGGATCAGTACCCGGAACGCGACAAGACTGGCCAGG,23
CCTTTGCTACCTTGGGAAGCACCCCGACGAGACGCGCCGTACCGGGCTGAAGGCAAAGACGACGCACC,23
GCAGGCGCCGTCGATCCGGCGCCCCGGACGAGGTGTGCCGTACCCGGTCAGCGACAAGACGGCGCGTT,23
GATATGCTATAAAATAATCTCCGGACGAGACGCGCCGTACCCGGTTAAGACAAGACGACGCCTT,23
