"<html><head><title>Welcome to FastaToTab</title></head><body>JRLC01000047.1/9312-9355","GTAGGAGAGGTTCTAGAACACCCTCTATAAAAAACTAGGGATCG"
"CBML010000006.1/1314853-1314809","CTGGGAGAGGTTCGTAACCATCCCTCTATAAAAAACTAGGAATAT"
"CP016761.1/3921388-3921432","TATTTCGCGGTTCGAAAACTCCCGCGTTAACAAAACTAGGAGGAA"
"JQBS01000003.1/57754-57801","ATAAACGTGGTTCATTCATACCATCCCACGAAAAAAAACTAGGAGGAA"
"AE004439.1/209165-209100","TTCATAGTGGTTCGTAACCCTCCCACTTGAACAACCAACAATTGTTCGAAACAAAACTAGGAAAAT"
"FQVM01000030.1/26156-26200","TGTGAAGAGGTTCGTAACCATCCCTCTATAAAAAACTAGGAATTT"
"BASE01000106.1/10275-10319","AATAACGTGGTTCGTAACCATCCCACGTAAAAAAACTAGGAGAGA"
"CP007445.1/2046578-2046623","CTAACCGTGGTTCGTAATCCATCCCACGAAAAAAAACTAGGAATTA"
"LFJO01000005.1/1361271-1361228","CTACAAGAGGTTCGCAAACTCCCTCTATAAAAAACTATACAAGG"
"CP001056.1/3123202-3123157","GTGGGAGAGGTTCGAAGACCATCCCTCTATAAAAAACTAGGCAATT"
"FMAQ01000013.1/12884-12839","CTAACCGTGGTTCGTAACCCATCCCACGTAAAAAAACTAGGAATAT"
"LGUE01000001.1/1495503-1495459","ACCCGAGAGGTTCTAGCACAACCCTCTATAAAAAACTAAGGAAAA"
"AP006716.1/2221258-2221304","TCAAAAGAGGTTCCTAGCTGAAACCCTCTATAAAAAACTAGACAATA"
"ABCF01000007.1/14091-14045","GCAGGAGAGGTTCATAGCCCAAACCCTCTATAAAAAACTATGGATGA"
"LFIL01000002.1/32430-32386","CCCGGACTGGTTCGTGAACTTCCCAGTATAAAAAACCAAGTATCT"
"JPVP01000056.1/195877-195831","ACGGGAGAGGTTCATAGCTGATACCCTCTATAAAAAACTATGGAAAC"
"CP009282.1/4222420-4222377","GCAGGAGAGGTTCGCAAACTCCCTCTATAAAAAACTAAGACCGC"
"AE016877.1/1559911-1559955","AATAACGTGGTTCGAAACCATCCCACGTAAAAAAACTAAGGAGAT"
"GG694016.1/216936-216892","GCCGATGAGGTTCGAAACCATCCCTCAATAAAAAACTAGGAGGCA"
"AAJM01000029.1/17647-17690","GCGGGAGAGGTTCGCGAACTCCCTCTATAAAAAACTATGGAAAC"
"CBMK010000031.1/173196-173240","ATTATCGTGGTTCGCAACCCTCCCACGCAAAAAAACTAGGACAAT"
"CP009284.1/3824304-3824261","GCAGGAGAGGTTCGCGAACTCCCTCTATAAAAAACTATTTAGTA"
"MUYB01000002.1/172-216","CGGTACGTGGTTCGCAACCCTCCCACGCAAAAAAACTAAGGACAC"
"KB372778.1/431567-431523","CGCTTCGTGGTTCGCAAACCTCCCACGCAAAAAAACTAAGGAATT"
"CP002207.1/900902-900946","GCGGGAGAGGTTCTAGCTACACCCTCTATAAAAAACTAAGGACGA"
"LECW02000036.1/117956-118000","GCGGGAGAGGTTCTAGCAAAACCCTCTATAAAAAACTAAGGAAAG"
"CDGG01000001.1/2184112-2184068","TTCAACGTGGTTCGTAACCATCCCACGCTAAAAAACTAGGAGGAA"
"KE351687.1/62481-62437","CTTGGACTGGTTCGTAAACTTCCCAGGATAAAAAACTAAGTATCT"
"GL538352.1/285633-285677","ATAACAGTGGTTCGAGAACCTCCCACTCAAAAAAACTAAGGAGAA"
"AYYS01000009.1/134720-134676","CACACTGTGGTTCGTAACCACCCCACAATAAAAAACTAAGGAGAA"
"JQCE01000020.1/23922-23878","AAACATGTGGTTCGCAACCATCCCACATAAAAAAACTAGGAGAGA"
"CP012024.1/1122365-1122408","GCGGGAGAGGTTCGCGAACTCCCTCTATAAAAAACTAAGGAGAG"
"LPUT01000012.1/69668-69624","CACAACGTGGTTCGAAACCATCCCACGATAAAAAACTAAGGAGAA"
"AZGD01000037.1/74702-74745","ATGATACTGGTTCGAAAAATCCCAGTTAAAAAAACTAGAAAGAG"
"CP003255.1/4203402-4203445","CCGGGAGAGGTTCGCGAACTCCCTCTATAAAAAACTAAGGCTGA"
"KQ758686.1/14716-14760","TAAGACGTGGTTCGGAACCATCCCACGTAAAAAAACTAAGGAGAG"
"MLHJ01000085.1/12689-12733","AACGTTGTAGTTCGCAAACCTCCTACATAAAAAAACTAGGTACAA"
"JUEI01000026.1/31987-31944","GCAGGAGAGGTTCGCAAACTCCCTCTATAAAAAACTAAGACCGC"
"FNHF01000001.1/1070030-1069986","TAATAAGAGGTTCTAGCTACACCCTCTATAAAAAACTAAGGAATG"
"ASQA01000009.1/152539-152583","TATAACGTGGTTCGTAACCATCCCACGAAAAAAAACTAGGGGGAA"
"AZGA01000088.1/168616-168660","TTCGGACTGGTTCGCAAACTTCCCAGGATAAAAAACCAAGTACTT"
"LBBT01000340.1/3369-3325","TTGGGACTTGTTCGAGAACCTCCAAGTATAAAAAACTAAGGTAAT"
"GL891964.1/12204-12249","CCAACCGCGGTTCGTAACCATCCCGCGATAACAAAACTAGGAAAAT"
"AVBF01000064.1/3980-3936","ACGGGAGAGGTTCTAGCTCAACCCTCTATAAAAAACTAAGGGACA"
"JH417937.1/1845-1800","GCCCCTGTGGTTCGCAACCCATCCCACATAAAAAAACTAGGAAACC"
"NAST01000006.1/24717-24673","AATTACGTGGTTCGTGAACCTCCCACGCTAAAAAACTAAGGAAAA"
"HE717023.1/1018382-1018338","ACAGGAGAGGTTCTAGCTACACCCTCTATAAAAAACTAAGGATGG"
"MASJ01000002.1/47355-47401","TTGGGAGAGGTTCATAGCAAATACCCTCTATAAAAAACTATGGAAAC"
"LFZU01000001.1/3225829-3225786","GCAGGAGAGGTTCGCGAACTCCCTCTATAAAAAACTATGAGAGA"
"JPVN01000002.1/167760-167804","CGCACCGTGGTTCGTAACCATCCCACGAAAAAAAACTAAGGAGAA"
"KB933398.1/2664014-2663968","ACGGGAGAGGTTCATAGCTGATACCCTCTATAAAAAACTATGGAAAC"
"MRTP01000001.1/1332557-1332600","GCGGGAGAGGTTCGCGAACTCCCTCTATAAAAAACTAAGACTGC"
"AOFT01000008.1/83034-83079","CCCCGCGCGGTTCGTAACCATCCCGCGATAACAAAACTAAGGGAGA"
"MSDU01000005.1/56076-56119","GCGGGAGAGGTTCGCGAACTCCCTCTATAAAAAACTAAGAAAAA"
"GL636062.1/2737320-2737276","GCCCCCGTGGTTCGAAAAACGCCCACGTTAAAAAACTAGGGAAGA"
"KV441331.1/115204-115248","TGCCTACTGGTTCGAAACCCTCCCAGTATAAAAAACTAGGCTGAT"
"FNHF01000001.1/994012-993966","TCGGGAGAGGTTCTTAGCGTAAACCCTCTATAAAAAACTAAGGACAT"
"JMHU01000001.1/73363-73316","ATATTGGTGGTTCGCAACCATCCCACCGTAATAAAAAACTAGGAGAGA"
"AZGA01000002.1/310318-310275","AGCGTGGTGGTTCGCAAAATCCCACCTAAAAAAACTAAGGAGGA"
"FUWV01000007.1/5007-5051","CTTGGACTGGTTCGAAACCATCCCAGTATAAAAAACTAAGGAGAT"
"CP000764.1/1428621-1428665","AATCACGTGGTTCGAAACCATCCCACGTAAAAAAACTAAGGAGTT"
"JAIO01000005.1/34660-34616","AATTACGTGGTTCGTAAACCTCCCACGCTAAAAAACTAAGGAAAA"
"JPVQ01000012.1/7277-7323","ACGGGAGAGGTTCATAGCTGATACCCTCTATAAAAAACTATGGAAAC"
"CR936503.1/1598027-1597983","AAAAACGTGGTTCGTAACCATCCCACGCTAAAAAACTAGGAGGAT"
"MLAA01000010.1/28914-28870","ATGCTTGTAGTTCGCAAACCTCCTACATAAAAAAACTAGGTACAT"
"LJDB01000044.1/32218-32174","CTAACACTGGTTCGAGAGCCTCCCAGAATAAAAAACTAAGGTATT"
"JPZO01000112.1/14590-14633","GTAGGAGAGGTTCTAGAACACCCTCTATAAAAAACTAGGGATCG"
"CP009416.1/1720011-1720055","GGTAAAGAGGTTCGCGACCATCCCTCTATAAAAAACTAGGCCAAT"
"CP003355.1/533952-533996","ATGGGAGAGGTTCGAGATCTTCCCTCTATAAAAAACTAAGGAGCT"
"MTBM01000012.1/18898-18943","TTCAACGCGGTTCGAAATCCTCCCGCGATACCAAAACTAGGAACCA"
"GG697128.1/280499-280455","ATATCAGTGGTTCGTAACCATCCCACTCAAAAAAACTAGGAGTAG"
"CP000560.1/1312567-1312611","GCGGGAGAGGTTCTAGCTACACCCTCTATAAAAAACTAAGGACGA"
"LMSP01000023.1/394075-394118","ATACAAGAGGTTCGCAAACTCCCTCTCTAAAAAACTATGAAATG"
"NAST01000024.1/27869-27824","CTAACCGTGGTTCGTAATCCATCCCACGAAAAAAAACTAGGAAAGA"
"CP001321.1/1370609-1370564","TCAACCGTGGTTCGCAAACCTCCCACGCAAAAAAAACTAAGGAACA"
"LMRV01000024.1/145689-145732","CCGGGAGAGGTTCGCGAACTCCCTCTATAAAAAACTATGCGAAA"
"LT840184.1/4831446-4831477","AGAGGTTCGTGAACTCCCTCTATAAAAAACTA"
"JPVT01000171.1/1502-1546","CCTGGACTGGTTCGGAAACTTCCCAGAATAAAAAACCAAGAACTT"
"CP003504.1/520705-520659","ACAGCTGCGGTTCATCAACCATCCCGCATTAAAAAAACTAGGAGAAA"
"AYSV01000107.1/4017-3955","AGTGCCGTGGTTCGAAATCCTCCCACGCAGTACCGTTAAGTACTAAAACAAAACTAAGGAAAA"
"LN681234.1/1955506-1955462","CTAGGACTTGTTCGAGAACCTCCAAGTATAAAAAACTAAGGTATT"
"FR898326.1/7582-7538","TTTGAACTGGTTCGCAAACCTCCCAGTATAAAAAACTAGGCAAAG"
"AZEX01000025.1/4706-4662","GAAAACGTGGTTCGTAACCATCCCACGTAAAAAAACTAGGAGGCA"
"FR898786.1/632-586","TGAGAACTGGTTCGAGAGCCAAACCCAGTATAAAAAACTAAGAACAT"
"BBIW01000006.1/256902-256945","ATGGGAGAGGTTCGCGAACTCCCTCTATAAAAAACTATACAGAT"
"BAUU01000014.1/125880-125923","AAGAAAGAGGTTCGCGAACTCCCTCTATAAAAAACTAAGGTGAT"
"KI273145.1/516303-516347","CTAGGAGAGGTTCGTAACCATCCCTCTATAAAAAACTAGGAATTA"
"AHKH01000127.1/2662-2705","GCGGGAGAGGTTCGCAATCTCCCTCTATAAAAAACTAAGGCTGA"
"CP001656.1/4969025-4968982","TCAGGAGAGGTTCGCGAACTCCCTCTATAAAAAACTAAGAACTG"
"GL636577.1/280301-280255","TATGAACTGGTTCGAGAGCCAAACCCAGTATAAAAAACTAAGGACAT"
"CP000813.3/1324513-1324557","ACGGGAGAGGTTCTAGCAAAACCCTCTATAAAAAACTAAGGACTT"
"CP008855.1/2520824-2520780","GATAAAGTGGTTCGAAACCATCCCACTATAAAAAACTAAGGAGAA"
"MUYA01000012.1/1715-1759","CAACCTGTGGTTCGCAATCCTCCCACATAAAAAAACTAAGGAACT"
"AEDD01000004.1/159608-159652","AAGGTAGAGGTTCGCAAACTTCCCTCTCTAAAAAACTAAGCATAA"
"JNEZ01000034.1/143400-143444","GTTTCCGTGGTTCGGGACAATCCCACGTAAAAAAACTAAGGAGTG"
"JTJL01000005.1/36014-35970","ATTGTCGTGGTTCGCAAACCTCCCACGTTAAAAAACTAGGAACAT"
"GL635795.1/101202-101157","AATCACGCGGTTCGCAAACCTCCCGCGTTAACAAAACTAGGAATTT"
"KB933398.1/1000723-1000679","AGCACCGTGGTTCGTAACCATCCCACGAAAAAAAACTAAGGAGAA"
"KB946315.1/486377-486422","CTCGACAAGGTTCATCAACCATCCCTTGTAAAAAAACTAGGAGAAA"
"MDER01000072.1/7058-7101","GCGGGAGAGGTTCGCGAACTCCCTCTATAAAAAACTATCAATCC"
"LJIZ01000016.1/244798-244842","TTTTACGTGGTTCGAAAACCTCCCACGAAAAAAAACTAAGGAGAA"
"CP011974.1/989489-989532","ATGGGAGAGGTTCGCAAACTCCCTCGATAAAAAACTAAGCAACA"
"MAMP01000001.1/11573-11530","GCGGGAGAGGTTCGCGAATTCCCTCTATAAAAAACTAATGATCA"
"JXRR01000014.1/535132-535176","TAAGAAGAGGTTCGCGACCATCCCTCTATAAAAAACTAGGGACAA"
"CCXR01000001.1/1997282-1997324","GCGGTAGAGGTTCTAGCTACCCTCTTTAAAAAACTAAGGAAAC"
"CP002512.1/463370-463414","GTGTGCGTTGTTCGAAACCATCCAACGTAAAAAAACTAGGAGGAA"
"CP022437.1/1333602-1333649","ACGGGAGAGGTTCTTAGCTTTTAACCCTCTATAAAAAACTAAGGACAG"
"FQZB01000003.1/427992-427947","TTAGTAGAGGTTCATGAACCATCCCTCTATAAAAAACTAGGACTGT"
"CP003056.1/3182588-3182632","CAACCCGTGGTTCGAAACCATCCCACGTAAAAAAACTAAGGAGAG"
"CP009056.1/860507-860551","TATTCTGTGGTTCGAAATCCTCCCACATAAAAAAACTAAGGAAGT"
"AE017334.2/1298894-1298937","ACGGGAGAGGTTCGCGAACTCCCTCTATAAAAAACTATGGAAAC"
"JQCN01000008.1/21069-21025","ATAATGGTGGTTCGTAAACATCCCACCTAAAAAAACTAGGAGGTT"
"CP009056.1/306674-306719","GATATCGTGGTTCGTAATCCATCCCACGTAAAAAAACTAGGAGTTA"
"KB946311.1/776563-776607","CTCGGACTGGTTCGGAAACTTCCCAGAATAAAAAACTAAGAATCT"
"CP006643.1/2402996-2402954","ACGGTAGAGGTTCTAGCTACCCTCTCAAAAAAACTAAGGAAAA"
"CCRF01000028.1/24730-24686","TTGTCCGTGGTTCGAAACCATCCCACGTAAAAAAACTAAGGAAAG"
"CP000764.1/1180651-1180694","ATGGGAGAGGTTCGCGAACTCCCTCTATAAAAAACTATGAGAAC"
"L42023.1/1258303-1258259","CCCCCCGTAGTTCGCAAACCTCCTACAATAAAAAACTAGGTAAAA"
"CP019699.1/668203-668158","ACGTGAGAGGTTCTTAGCTTAACCCTCTATAAAAAACTAAGGACAT"
"JRJU01000009.1/81853-81810","AGACAAGAGGTTCGCAAACTCCCTCTATAAAAAACTAAGGTGTT"
"LAZH01000027.1/40092-40048","AAATCCGTGGTTCGAAAGCCTCCCACGTAAAAAAACTAAGGAGAG"
"JPUW01000028.1/5750-5706","CTCAACGTGGTTCGTAACCATCCCACGAAAAAAAACTAAGGAGAA"
"CP005383.1/2520941-2520897","TTATTTGTGGTTCGTAAACCTCCCACACAAAAAAACTAAGGACAC"
"AYYZ01000030.1/48087-48131","ATATGAGTGGTTCGCGAAAATCCCACTTAAAAAAACTAGAAAGAG"
"JH164926.1/1695886-1695930","TCTACCGTGGTTCGCAAACCTCCCACGTAAAAAAACTAGGACACT"
"FR896737.1/2108-2064","TCATAACTGGTTCGAAACCCTCCCAGTATAAAAAACTAGGTCATG"
"CP000233.1/1599957-1600001","CTTGGACTGGTTCGTAAACTTCCCAGTATAAAAAACCAAGAATCT"
"ACDX02000014.1/67281-67325","CCCTTCGTGGTTCGAAAACCTCCCACATTAAAAAACTAAGGAAAC"
"AL009126.3/1439274-1439318","GCGGGAGAGGTTCTAGCTACACCCTCTATAAAAAACTAAGGACGA"
"KQ969395.1/10147-10191","TTTGGACTGGTTCGAGAACTTCCCAGAATAAAAAACTAAGTCGCT"
"CP019728.1/1709028-1708983","AAGCTCGTGGTTCGTTGACCATCCCACGTAAAAAAACTAGGAGGAG"
"GL635794.1/437147-437103","CACCCCGTGGTTCGAAAACCTCCCACATTAAAAAACTAAGGAAAC"
"CP011974.1/2991292-2991336","ATTACCGTGGTTCGTAACCCTCCCACGCTAAAAAACTAAGGAGAA"
"JAIO01000027.1/9773-9728","CTAACCGTGGTTCGTAATCCATCCCACGAAAAAAAACTAGGAAAGA"
"LGPD01000021.1/7639-7683","GAGGACGTGGTTCGAAACCATCCCACGATAAAAAACTAAGGGGAG"
"BA000016.3/2295327-2295283","TTGGTAGAGGTTCGTAACCATCCCTCTATAAAAAACTAAGGGCTG"
"LAEN01000054.1/1662-1706","ATTATCGTGGTTCGCAACCCTCCCACGCAAAAAAACTAGGACAAT"
"CP014616.1/2006254-2006211","AAAAAAGAGGTTCGAAAACTCCCTCTCTAAAAAACTAAGGAGAT"
"AZDJ01000032.1/112734-112689","GCACATGTGGTTCGCAATCCATCCCACAATAAAAAACTAGGAGGAC"
"APWR01000098.1/3959-3915","CTAGGACTTGTTCGAGAACCTCCAAGTATAAAAAACTAAGGTATT"
"JAQV02000024.1/18875-18831","ACGGGAGAGGTTCTAGCACAACCCTCTATAAAAAACTAAGGACAG"
"CBJJ010000264.1/8316-8272","TCCGGACTGGTTCGTGAACTTCCCAGTATAAAAAACCAAGTATCT"
"CP003025.1/1391820-1391863","TTTGGACTGGTTCGAAAACTCCCAGAATAAAAAACTAGCTATCT"
"BAVS01000036.1/10574-10618","GCAGGAGAGGTTCTAGCTACACCCTCTATAAAAAACTAAGGATAA"
"CCSE01000001.1/2015811-2015768","TTAAAACAGGTTCGCAAACTCCCTGTCAAAAAAACTAAGGAGAA"
"ALBY01000294.1/348-283","TTCATAGTGGTTCGTAACCCTCCCACTTGAACAACCAACAATTGTTCGAAACAAAACTAGGAAAAT"
"CP003583.1/2341515-2341469","ATAACCGCGGTTCATCAACCATCCCGCGTTAAAAAAACTAGGAGAAA"
"JQBM01000001.1/304813-304769","AATCACGTGGTTCGTAACCATCCCACGCAAAAAAACTAGGAGTCT"
"JQBZ01000008.1/12699-12652","TCACTGGTGGTTCGTAAACATCCCACCATAATAAAAAACTAGGAAGAA"
"MASJ01000038.1/118403-118447","TTCTACGTGGTTCGTAACCATCCCACGAAAAAAAACTAAGGAGAA"
"JPVO01000055.1/675393-675439","TCGGGAGAGGTTCATAGCTGATACCCTCTATAAAAAACTATGGAAAC"
"CP022315.1/2242038-2242084","ACAGAAGAGGTTCTTAGGGTTAACCCTCTATAAAAAACTAAGGACAG"
"AE004969.1/1637046-1637090","CGCCCCGTGGTTCGAAAACCTCCCACACTAAAAAACTAAGGAAAC"
"BA000028.3/2885876-2885829","GCAGGAGAGGTTCGCGATTTAAATCCCTCTATAAAAAACTAAGGAGAT"
"ACQL01000093.1/20533-20577","CATCTCGTGGTTCGAAAACCTCCCACGCAAAAAAACTAAGGATAC"
"FXBJ01000002.1/420355-420311","AAATATGTGGTTCGTAACCATCCCACAGAAAAAAACTAGGAGGAA"
"AP012157.1/3570017-3570061","CTTTGCGTGGTTCGTAACCATCCCACGTTAAAAAACTAGGAGGAA"
"CDGG01000001.1/2347912-2347958","CAGGCAGAGGTTCTTAGCTTAAACCCTCTATAAAAAACTAAGGACAA"
"CP000233.1/1530666-1530622","TCCACACTGGTTCGTAAACATCCCAGTTAAAAAAACTAGAAAGCA"
"CP000002.3/1501859-1501903","GCGGGAGAGGTTCTAGCAAAACCCTCTATAAAAAACTAAGGAAAG"
"LGRV01000007.1/217560-217516","AACACCGTGGTTCGTAACCATCCCACGAAAAAAAACTAAGGAGAA"
"CP000029.1/370924-370878","ATAACAGAGGTTCCTAGCCGAAACCCTCTATAAAAAACTAGACATGA"
"KQ758483.1/339837-339881","TCCCGAGAGGTTCTAGCACAACCCTCTATAAAAAACTAAGGGAAA"
"BAUT01000002.1/56118-56161","AGACAAGAGGTTCGCAAACTCCCTCTATAAAAAACTAAGGTGTT"
"BA000028.3/2245805-2245759","TTGTTAGAGGTTCTTAGCTTCAACCCTCTATAAAAAACTAAGGACAA"
"DS562851.1/112565-112519","AATAAACTGGTTCGAAAGCCAAACCCAGTATAAAAAACTAAGAATAA"
"BALG01000101.1/10725-10768","GCGGGAGAGGTTCGCAATCTCCCTCTATAAAAAACTAAGGCTGA"
"GG695985.1/74109-74066","ACGGGAGAGGTTCGAGAACTCCCTCTATAAAAAACTATAAATGC"
"JXAL01000001.1/418153-418110","TCAGGAGAGGTTCGCGAACTCCCTCTATAAAAAACTAAGGAAAA"
"AJLS01000054.1/43769-43813","TTTAACGTGGTTCGAGAACCTCCCACGTAAAAAAACTAAGGAGAA"
"MLYQ01000038.1/46242-46286","ACTAACGTGGTTCGTGACCCTCCCACGCAAAAAAACTAAGGAGAA"
"FCNS01000008.1/180796-180752","TTTGGACTGGTTCGTAAACTTCCCAGAATAAAAAACTAAGATGAA"
"FJNB01000004.1/46001-46046","GAGCACGTGGTTCGTCGACCATCCCACGGAAAAAAACTAGGGGGTT"
"HF993610.1/7610-7566","CCGAAACTGGTTCGAAAACCTCCCAGTATAAAAAACTAGGCAAAG"
"KQ758702.1/8670-8713","GCGGGAGAGGTTCGTAAACTCCCTCTATAAAAAACTAAGATCAT"
"CP013862.1/3563841-3563887","ACGGGAGAGGTTCTTAGCTTAAACCCTCTATAAAAAACTAAGGACAG"
"CP000746.1/2223340-2223384","TTCATCGTGGTTCGCAAACCTCCCACGCAAAAAAACTAAGGAAAT"
"MRTD01000003.1/164798-164841","TCGGGAGAGGTTCGCGAACTCCCTCTATAAAAAACTATGCGAAA"
"AJSX01000047.1/96755-96799","TTAATCGTGGTTCGAGAACCTCCCACGCAAAAAAACTAAGGAAAA"
"LAYY01000023.1/52477-52521","CCCGGCGTGGTTCGTAACCCTCCCACGAAAAAAAACTAAGGAGAG"
"CP003839.1/1020529-1020482","TTGATAGCGGTTCATCAACCATCCCGCTTATAAAAAAACTAGGAGATT"
"CR936503.1/819401-819357","CTTGGACTGGTTCGGAAACTTCCCAGAATAAAAAACTAAGGATCT"
"MTBN01000001.1/292025-291981","CACTCTGTGGTTCGCAAACCTCCCACATTAAAAAACTAAGGAACT"
"AE016877.1/1318959-1319002","GCGGGAGAGGTTCGCGAACTCCCTCTATAAAAAACTATGGAAAC"
"FPIU01000012.1/186098-186141","CCGGGAGAGGTTCGCGAACTCCCTCTATAAAAAACTAAGGCAAT"
"CM000735.1/1446398-1446354","AATAACGTGGTTCGAAACCATCCCACGTAAAAAAACTAAGGAGAT"
"ANAG01000014.1/101002-101049","ACACAGGTGGTTCGCAACCATCCCACCTTTATAAAAAACTAAGGAGAG"
"NGKU01000001.1/947937-947981","CTTGGACTGGTTCGAAAACTTCCCAGGTAAAAAAACTAAGTATCT"
"LIUR01000001.1/4435528-4435570","GCGGAAGAGGTTCTAGCTACCCTCTCAAAAAAACTAAGGAGAA"
"CP013659.2/1039490-1039447","ATAAAAGAGGTTCGCAAACTCCCTCTCTAAAAAACTAAGGAGCT"
"JPVP01000053.1/73128-73172","AAACACGTGGTTCGCAACCATCCCACGCAAAAAAACTAGGAGGAT"
"CCSE01000001.1/1105304-1105349","TACGAAGAGGTTCTTAGCCATACCCTCTTAAAAAAACTAAGACACA"
"AZGF01000037.1/2797-2752","CCCGGACTGGTTCGTAAACTTCCCAGTTATAAAAAACCAAGAACTT"
"BAVZ01000004.1/93866-93909","ATGGAAGAGGTTCGCGAACTCCCTCTATAAAAAACTAAGACTGC"
"JAIM01000002.1/41981-41937","TGTCTCGTGGTTCGTGAACCTCCCACGCTAAAAAACTAAGGAAAA"
"MSZX01000011.1/156512-156469","ATGGGAGAGGTTCGCGAACTCCCTCTATAAAAAACTAATGGCGC"
"KE351671.1/16641-16596","AGGTCCGCGGTTCATCAACCATCCCGCGCAAAAAAACTAGGAGAAA"
"LFEL01000003.1/137476-137521","TCAGGAGAGGTTCTAGCAAATACCCTCTATAAAAAACTAAGGACAG"
"LIUR01000001.1/4441541-4441583","GCGGAAGAGGTTCTAGCTACCCTCTCAAAAAAACTAAGGAGAA"
"LVJI01000001.1/139836-139879","ATGGAAGAGGTTCGCGAACTCCCTCTATAAAAAACTATTCACCT"
"LYPA01000038.1/54925-54968","CCGGGAGAGGTTCGCGAACTCCCTCTATAAAAAACTAAACGAAA"
"JXKH01000003.1/214159-214204","GTGACCGCGGTTCGTAACCATCCCGCGACAACAAAACTAGGAGGAG"
"BAWA01000018.1/42267-42224","AATGAAGAGGTTCGCGAACTCCCTCTATAAAAAACTATTTAGTT"
"CP014806.1/3266606-3266562","AAACACGTGGTTCGAGACCATCCCACGTAAAAAAACTAGGGGGAA"
"CP019433.1/1929437-1929482","GAGCACGTGGTTCGTTGACCATCCCACGTAAAAAAACTAGGAGGAG"
"AUPA01000071.1/20865-20908","GCGGGACTGGTTCGAGAACTCCCAGTATAAAAAACTAAGGATTT"
"CCDP010000002.1/115044-114998","GCAGGAGAGGTTCGAAATTCCATCCCTCTATAAAAAACTAAGGAGAT"
"CP006812.1/225399-225444","TAAAACGTGGTTCGTTGACCATCCCACGAAAAAAAACTAGGAGGAA"
"LKIE01000028.1/74583-74539","AGCACCGTGGTTCGTAACCATCCCACGCAAAAAAACTAAGGAGAA"
"AZGD01000037.1/54038-53994","AACGGACTGGTTCTTAAACTTCCCAGAATAAAAAACTAAGAATCT"
"ABCF01000001.1/139145-139189","GCAGGAGAGGTTCTAGCTTAACCCTCTATAAAAAACTAAGGAAAC"
"CP012602.1/5095084-5095128","AACCGCGTGGTTCGAGAACCTCCCACGATAAAAAACTAAGGAGAG"
"KE136516.1/160217-160173","CTTGGACTGGTTCGGAAACTTCCCAGAATAAAAAACTAAGGATCT"
"LUFJ01000023.1/140412-140368","TACACCGTGGTTCGCAACCATCCCACGCAAAAAAACTAGGAGGAA"
"KQ970880.1/82810-82766","TGAAAACTGGTTCGAGATAACCCCAGTATAAAAAACTAAGAATGT"
"CP007445.1/943178-943222","TGTCTCGTGGTTCGTGAACCTCCCACGCTAAAAAACTAAGGAAAA"
"FUWX01000016.1/22898-22854","TAAAGAGATGTTCGGAAACCTCCATCTATAAAAAACTAGGCTTAT"
"FR888624.1/5945-5901","TCTGGACTGGTTCGAAAACTTCCCAGAATAAAAAACTAAGGATTG"
"FQVI01000024.1/18038-17994","TCTGGACTGGTTCGCGAACTTCCCAGTATAAAAAACCAAGTATCT"
"MAYV01000017.1/55358-55402","CTAAACGTGGTTCGTAACCATCCCACGATAAAAAACTAAGGGAGA"
"CP013023.1/1909861-1909818","GCGGGAGAGGTTCGCGAACTCCCTCTATAAAAAACTAAAACCGC"
"CP014616.1/4423872-4423918","TAACACGTGGTTCGTCAACCATCCCACGCTAAAAAAACTAGGAGGAA"
"CP007446.1/639021-638976","AACCACGTGGTTCGCAATCCATCCCACGAAAAAAAACTAGGAGCCC"
"JNFA01000011.1/536185-536229","GTTTCCGTGGTTCGAAACTATCCCACGATAAAAAACTAAGGAGTG"
"JOTM01000014.1/70172-70215","ATGGGAGAGGTTCGCGAACTCCCTCTATAAAAAACTAAGGGAAC"
"FRCF01000003.1/45285-45242","ACCCCACAGGTTCGCAAACTCCCTGTATAAAAAACTAAGGAGAA"
"AYZB01000035.1/114730-114774","CTTGGACTGGTTCGGAAACTTCCCAGAATAAAAAACTAAGGATCT"
"MAQX01000011.1/119008-118965","CCGGGAGAGGTTCGCGAACTCCCTCTATAAAAAACTATGCGAAA"
"KK082192.1/7518-7561","GCGGGAGAGGTTCGCGAACTCCCTCTATAAAAAACTAAGACCAG"
"LMSD01000001.1/580732-580689","ATAGAAGAGGTTCGCAAACTCCCTCTCTAAAAAACTATGAAATG"
"KI535313.1/967535-967491","CTTGGACTGGTTCGAGAACTTCCCAGGATAAAAAACTAAGAATCT"
"CP009279.1/1403331-1403376","TAAGCCGCGGTTCGTAACCATCCCGCGTAAACAAAACTAGGAGGAG"
"FNYK01000002.1/35927-35973","CAAGCACTGGTTCGAGAGCCAAACCCAGTATAAAAAACTAAGAACAT"
"LKIE01000051.1/50847-50893","ACGGGAGAGGTTCATAGCTGATACCCTCTATAAAAAACTATGGAAAC"
"HF998991.1/15468-15512","AATAAACTGGTTCGAAACCCTCCCAGTATAAAAAACTAGGTTCTT"
"LITN01000017.1/128519-128565","TCGGGAGAGGTTCATAGCTTATACCCTCTATAAAAAACTATGGATAC"
"MNRE01000168.1/24107-24063","TGCCTACTGGTTCGAAACCCTCCCAGTATAAAAAACTAGGCTGAT"
"AE009948.1/545597-545553","CTCGGACTGGTTCGAAAACTTCCCAGAATAAAAAACTAAGTGACT"
"LAZH01000014.1/8043-7997","GCAGGAGAGGTTCGAAATTCCATCCCTCTATAAAAAACTAAGGAGCT"
"LJJB01000010.1/470741-470784","ATGGGAGAGGTTCGCGAACTCCCTCTATAAAAAACTAAGGTGTA"
"CAGH01000009.1/54494-54450","AAGTTAGTGGTTCGTAACCATCCCACTCAAAAAAACTAGGAGAGA"
"CP001793.1/1695578-1695547","AGAGGTTCGTGAACTCCCTCTATAAAAAACTA"
"APBN01000020.1/8663-8619","ACCCACGTGGTTCGAAACCATCCCACGATAAAAAACTAAGGAGCT"
"AP012046.1/1888148-1888192","CTTGGACTGGTTCGCAAACTTCCCAGAATAAAAAACCAAGAACTT"
"JAIN01000026.1/15087-15131","TATTACGTGGTTCGTGAACCTCCCACGCTAAAAAACTAAGGAAAA"
"JQBR01000009.1/4936-4892","AGGTTCGTGGTTCGCAATTATCCCACACAAAAAAACTAAGGAGGT"
"JPVP01000054.1/165402-165448","ACGGGAGAGGTTCATAGCTGATACCCTCTATAAAAAACTATGGAAAC"
"LFZV01000001.1/3432111-3432155","GTAAACGTGGTTCGTAACCATCCCACGATAAAAAACTAAGGAGAG"
"AZFE01000032.1/107206-107253","TCGTTGGTGGTTCGTAACCATCCCACCAGATAAAAAAACTAGGGAGAA"
"ALAN01000008.1/80969-80925","TTTAACGTGGTTCGAGATCCTCCCACGAAAAAAAACTAAGGAGAA"
"CP009279.1/3644889-3644846","GCAGGAGAGGTTCGCGAACTCCCTCTATAAAAAACTAAGAGTAT"
"GL635754.1/300045-300087","ACGGTAGAGGTTCTAGCTACCCTCTTTAAAAAACTAAGGAAAA"
"AOCG01000008.1/144836-144881","AAAAACGTAGTTCGAAACCATCCTACGTAAAAAAAACTAGGGAGAG"
"FQXP01000003.1/563277-563233","AATACTGCAGTTCGTAAACCTCCTGCATAAAAAAACTAGGTACCT"
"CM000733.1/1012851-1012808","ATGGGAGAGGTTCGTGAACTCCCTCTATAAAAAACTATGGAAAC"
"JPVN01000017.1/5303-5257","ATGGGAGAGGTTCATAGCTGATACCCTCTATAAAAAACTATGGAAAC"
"AGUG01000065.1/2552-2596","AAACACGTAGTTCGAAACCATCCTACGTAAAAAAACTAGGGAGTG"
"JXRP01000018.1/637102-637146","ACAGAAGAGGTTCGCGACCATCCCTCTATAAAAAACTAGGGACTT"
"KB372783.1/44322-44366","TTTCCCGTGGTTCGCAATCCTCCCACACAAAAAAACTAAGGAGTT"
"MBTG01000028.1/56424-56381","GTAGAAGAGGTTCGCAAACTCCCTCTCTAAAAAACTATGAAATG"
"MQVI01000066.1/6590-6546","TTGAACGTGGTTCGTAAACCTCCCACGCAAAAAAACTAAGGAAAA"
"KE150417.1/204486-204439","ATTAAAGAGGTTCCTAGCTTCCAACCCTCTATAAAAAACTAGACACCT"
"LIUR01000001.1/2531596-2531640","CTGCACGTGGTTCGTAACCATCCCACGATAAAAAACTAGGGAGAG"
"KE136496.1/77567-77523","CTTGGACTGGTTCGGAAACTTCCCAGGTTAAAAAACTAAGAATCT"
"AZEU01000031.1/194-238","GCTGGCGTGGTTCGTAAACTTCCCACGATAAAAAACCAAGAACTT"
"LFZW01000001.1/439699-439655","GGCTACGTGGTTCGCAACCATCCCACGATAAAAAACTAGGGAGAG"
"CP005586.1/2228864-2228906","TATAAAGAGGTTCTAGCTACCCTCTCAAAAAAACTAAGGAAAA"
"KK036465.1/48719-48763","CAGCACGTGGTTCGTAACCATCCCACGTAAAAAAACTAGGAGGAT"
"LQWY01000017.1/35621-35664","GCGGGAGAGGTTCGCGAACTCCCTCTATAAAAAACTAAGAAAAA"
"LGCI01000002.1/154763-154807","AGCACCGTGGTTCGAGAACCTCCCACGCAAAAAAACTAAGGAGAA"
"MRTK01000025.1/28969-28926","CCGGGAGAGGTTCGCGAACTCCCTCTATAAAAAACTATGCGAAA"
"CVUF01000026.1/80798-80844","TAAAAAGAGGTTCCTAGCCGAAACCCTCTATAAAAAACTAGACGAGT"
"AKFP01000034.1/11546-11502","TCAGTGGTGGTTCGTGACCATCCCACCGAAAAAAACTAGGAGGCT"
"JOTN01000003.1/232023-232068","TATTTCGTGGTTCGAAACCATCCCACGTAAAAAAAACTAAGGAGAT"
"AE017334.2/1542522-1542566","AATAACGTGGTTCGAAACCATCCCACGTAAAAAAACTAAGGAGAT"
"JFZW01000008.1/38950-38906","TACCCTGTGGTTCGTAAACCTCCCACATTAAAAAACTAGGAAATC"
"FOOE01000015.1/41626-41670","GTGGGAGAGGTTCGTAACCATCCCTCTATAAAAAACTAGGGAAAA"
"AP008934.1/2076124-2076170","TATAAAGAGGTTCCTAGCTGATACCCTCTATAAAAAACTAGACACAT"
"LIXZ01000001.1/277735-277691","TCCCGAGAGGTTCTAGCACAACCCTCTATAAAAAACTAAGGAAAA"
"LNZR01000087.1/12411-12367","TGCTCACTGGTTCGAGAACCTCCCAGTATAAAAAACTAAGGCACA"
"APML01000048.1/14029-14073","GCAGGAGAGGTTCTAGCCAAACCCTCTATAAAAAACTAAGGAGAA"
"KB291115.1/8945-8989","CAAACTGTGGTTCGCAATCCCCCCACAATAAAAAACTAAGGAAAC"
"KV837565.1/22328-22284","GCGGGAGAGGTTCTAGCACAACCCTCTATAAAAAACTAAGTATGA"
"LJIY01000016.1/53146-53102","TCAAACGTGGTTCGTGAACCTCCCACTTAAAAAAACTAAGGAGAA"
"GL890571.1/293291-293335","TCTGGACTGGTTCGTGAACTTCCCAGTATAAAAAACCAAGTATCT"
"AYZJ01000002.1/82020-82065","GGAGTCGTGGTTCGCAATCCATCCCACGTAAAAAAACTAGGAGGTC"
"MASJ01000017.1/28873-28827","TCAGGAGAGGTTCATAGCGCATACCCTCTATAAAAAACTATGGATAC"
"BA000028.3/467676-467632","ATCACCGTGGTTCGTAACCATCCCACGCAAAAAAACTAGGAAGGA"
"JQAX01000001.1/208491-208535","ATGTATGTGGTTCGTAACCATCCCACACAAAAAAACTAGGAGATT"
"GL636577.1/70635-70681","ATTGCACTGGTTCGAGAGCCAAACCCAGTATAAAAAACTAAGGACAT"
"JSUM01000010.1/192918-192962","ATCAACGTGGTTCGTAACCCTCCCACGCAAAAAAACTAGGATAAA"
"AE016830.1/2504809-2504853","CTCGGACTGGTTCGGAAACTTCCCAGAATAAAAAACTAAGTATCT"
"JNVC02000001.1/552380-552424","GCGGGAGAGGTTCTAGCACAACCCTCTATAAAAAACTAAGATCAA"
"JXKQ01000003.1/147908-147864","CTTGGACTGGTTCGTAAACTTCCCAGGTAAAAAAACTAAGTATCT"
"CP013217.1/2567808-2567852","TTCAACGTGGTTCGTAACCATCCCACGAAAAAAAACTAAGGAGAA"
"AL935263.2/2519559-2519515","GCTGGCCTGGTTCGTAAACTTCCCAGGATAAAAAACCAAGAACTT"
"MTBO01000005.1/59475-59520","TGCATTGTGGTTCGCAAACCTCCCACATTAAAAAAACTAAGGAACT"
"CP001983.1/1262740-1262783","ACGGGAGAGGTTCGAAAACTCCCTCTATAAAAAACTAAGATCAT"
"FR889797.1/1681-1725","TCCCCACTGGTTCGTGAACCTCCCAGTATAAAAAACTAGGCATAA"
"JPUW01000042.1/1418-1464","TAAAAAGAGGTTCATAGCAGATACCCTCTATAAAAAACTATGGAATG"
"LWBR01000072.1/51284-51241","ACGGGAGAGGTTCTAGCACACCCTCTATAAAAAACTAAGGAAAA"
"FNDC01000010.1/113014-112971","AAAAAAGAGGTTCGCAAACTCCCTCTCTAAAAAACTAAGGAGAT"
"LJJC01000015.1/535886-535930","TAATACGTGGTTCGAAACCATCCCACGATAAAAAACTAAGGGAGA"
"LXGJ01000139.1/5993-6036","ATGGGAGAGGTTCGCGAACTCCCTCTATAAAAAACTAAGGTGAA"
"JQCQ01000030.1/570-614","AAAACCGTGGTTCGCAATTATCCCACGTAAAAAAACTAAGGAGTA"
"CP012600.1/4521414-4521370","CAGGACGTGGTTCGTAACCATCCCACGATAAAAAACTAAGGAGAG"
"GL878494.1/1663561-1663605","TCCAGTGTGGTTCGCAACCCTCCCACAATAAAAAACTAAGGAAAC"
"AZDI01000006.1/73873-73917","AAAAACGTGGTTCGTAACCATCCCACGCTAAAAAACTAAGGGAGT"
"KB372780.1/107356-107312","TGAGCAGAGGTTCTAGCGCAACCCTCTATAAAAAACTAAGGAGAT"
"BASE01000035.1/55850-55892","ACGGAAGAGGTTCTAGCTACCCTCTCAAAAAAACTAAGGGAAA"
"LT629764.1/1970393-1970350","TCGGGAGAGGTTCGCGAACTCCCTCTATAAAAAACTACAGCACA"
"AJLR01000147.1/11210-11253","ATGGCAGCAGTTCGAAAAATCCTGCTTTAAAAAACTAAGGAGAT"
"JOTM01000005.1/127501-127457","AATCACGTGGTTCGAAACCATCCCACGTAAAAAAACTAAGGAGAT"
"AP013294.1/1241564-1241520","TTGCCCGTGGTTCGAAACCATCCCACGTAAAAAAACTAGGAGGAA"
"MAQW01000001.1/55474-55431","GTAGGAGAGGTTCGCAAACTCCCTCTATAAAAAACTAAGACCCT"
"LGSS01000003.1/9849-9806","ATGGGACTGGTTCGAGAACTCCCAGTATAAAAAACTAAGGATTT"
"CCDI010000002.1/585815-585771","GCAGGAGAGGTTCTAGCTACACCCTCTATAAAAAACTAAGGATGG"
"FMAQ01000001.1/2206-2162","TGTTACGTGGTTCGTAAACCTCCCACGCTAAAAAACTAAGGAACA"
"JQCR01000003.1/1157348-1157305","GCAGGAGAGGTTCGAAAACTCCCTCTATAAAAAACTAAGACCGC"
"MAQW01000023.1/68499-68544","GGAACCGCGGTTCGTAACCATCCCGCGTAAACAAAACTAGGAGGAG"
"LHOX01000016.1/200445-200489","CTTGGACTGGTTCGAAAACTTCCCAGGTTAAAAAACTAAGTATCT"
"JAQV02000022.1/108751-108795","TCGGTCGTGGTTCGAAATCCTCCCACGAAAAAAAACTAAGGAGCA"
"LILC01000013.1/210877-210833","CACGGCGTGGTTCGTAACCATCCCACGTAAAAAAACTAAGGAGAA"
"KN125580.1/5604621-5604664","ATGGGAGAGGTTCGAGAACTCCCTCTATAAAAAACTATAAAACG"
"MLYR01000019.1/80008-80052","TTAAACGTGGTTCGAAAACCTCCCACGAAAAAAAACTAAGGAGAG"
"CM002131.1/1293088-1293131","TTTGGACTGGTTCGAAAACTCCCAGAATAAAAAACTAGCTATCT"
"CP008855.1/261175-261133","GCGGGAGAGGTTCTAGCTACCCTCTATAAAAAACTAAGGAAAA"
"AE016827.1/1848390-1848434","TAATTCGTGGTTCGAAAACCTCCCACGCAAAAAAACTAAGGAAAA"
"CP009241.1/4345416-4345373","GCAGGAGAGGTTCGCAAACTCCCTCTATAAAAAACTAAGACATC"
"LJJC01000015.1/392571-392524","ACGGGAGAGGTTCATAGCACAAAACCCTCTATAAAAAACTATGGATAC"
"MPHG01000178.1/51018-51062","TCAAACGTGGTTCGAAACCATCCCACGATAAAAAACTAAGGAGAG"
"AVBG01000008.1/29242-29198","GCAGGAGAGGTTCTAGCTACACCCTCTATAAAAAACTAAGGATCG"
"CP002213.2/1292324-1292281","ATGGGAGAGGTTCGCGAACTCCCTCTATAAAAAACTAACGATGC"
"FQVT01000014.1/7964-7920","AGACCAGTGGTTCGAAATTCTCCCACATTAAAAAACTAAAAAAGG"
"JXIQ01000016.1/29800-29756","AATATCGTGGTTCGTAACCATCCCACGTAAAAAAACTAGGAGAGA"
"AKKB01000097.1/6317-6360","GCGGGAGAGGTTCGCGAACTCCCTCTATAAAAAACTAAGGTGGA"
"BA000004.3/2373342-2373299","GTGAGAGAGGTTCGCGAACTCCCTCTATAAAAAACTAAGGCAAG"
"LGPB01000135.1/6871-6825","GCAGAAGAGGTTCGCAATTCCATCCCTCTATAAAAAACTAAGGAGAC"
"CP001983.1/465480-465524","GTTTACGTGGTTCGTAACCATCCCACGTTAAAAAACTAAGGAGAG"
"AJLS01000114.1/179237-179283","ACGGGAGAGGTTCATAGCTGATACCCTCTATAAAAAACTATGGATAT"
"CP011366.1/2734534-2734490","TTATCACAGGTTCGAGATCCTCCCTGTATAAAAAACTAAGGAGAT"
"CP014167.1/547933-547890","ATGGGAGAGGTTCGAGAACTCCCTCTATAAAAAACTAATCAGCA"
"JH165159.1/2343808-2343851","TTCCCTGTGGTTCGCAAACTCCCACATTAAAAAACTAAGGAATC"
"CP000414.1/1235047-1235002","ATAATAGCGGTTCATCAACCATCCCGCTTAAAAAAACTAGGAGATA"
"JPMD01000024.1/4709-4753","GTGGGAGAGGTTCGTAACCATCCCTCTATAAAAAACTAGGGAATA"
"AAJM01000043.1/9570-9526","AATAACGTGGTTCGAAACCATCCCACGTAAAAAAACTAAGGAGAT"
"CTEI01000001.1/286297-286344","ACGGGAGAGGTTCTTAGCAATAAACCCTCTATAAAAAACTAAGGACAT"
"AZGB01000018.1/77495-77542","TGCCGGGTGGTTCGTAAACATCCCACCGTAATAAAAAACTAGGAGGAA"
"JOTN01000003.1/19603-19646","ACGGGAGAGGTTCGCGAACTCCCTCTATAAAAAACTAAGGAGAA"
"JXLB01000023.1/1700-1656","TTTGGACTGGTTCGAAAACTTCCCAGAATAAAAAACTAAGTATCT"
"CP003583.1/2007885-2007929","CTTGGACTGGTTCGGAAACTTCCCAGAATAAAAAACTAAGTATCT"
"KB946287.1/678420-678464","CTTGGACTGGTTCGGAAACTTCCCAGAATAAAAAACTAAGTATCT"
"AL935263.2/482228-482273","CAATACGTGGTTCGTAACCATCCCACGTTAAAAAAACTAGGAGGAA"
"AEUX02000001.1/125491-125447","CCTGGACTGGTTCGAAAACTTCCCAGAATAAAAAACTAAGTAACC"
"CP002273.2/2056081-2056125","AACGGAGAGGTTCGTAACCATCCCTCTATAAAAAACTAAGGAAAG"
"LQQV01000079.1/7777-7734","GCGGGAGAGGTTCGCGAACTCCCTCTATAAAAAACTAAGGTGGA"
"CP012600.1/839124-839168","ACGGGAGAGGTTCTAGAAAAACCCTCTATAAAAAACTAAGGACTC"
"BAUV01000036.1/7316-7359","AGGAAAGAGGTTCGCAAACTCCCTCTATAAAAAACTAAGGTAGT"
"JH815302.1/51976-51931","CAAAACGCGGTTCGCAACCCTCCCGCGATAACAAAACTAAGGAATT"
"AODF01000021.1/21107-21153","AAAAACGTAGTTCGAAACCATCCTACGTAAAAAAAAACTAGGGAGAG"
"AFDH01000025.1/178849-178892","ATGGGAGAGGTTCGCGAACTCCCTCTATAAAAAACTAAGGAAAA"
"JRNV01000013.1/53982-54025","CCGGGAGAGGTTCGCGAACTCCCTCTATAAAAAACTAAGGTCGC"
"CM000733.1/1293517-1293473","AATCACGTGGTTCGAAACCATCCCACGTAAAAAAACTAAGGAGAT"
"JPEN01000012.1/34343-34299","TTTGGACTGGTTCGCAAACTTCCCAGTATAAAAAACTAAGTACCC"
"LGPD01000028.1/6630-6584","GCAGAAGAGGTTCGCAATTCCATCCCTCTATAAAAAACTAAGGAGAC"
"KB291616.1/58316-58360","CTGAGAGAGGTTCGTAACCATCCCTCTATAAAAAACTAGGACCCT"
"JTDO01000005.1/62727-62683","GCACTTGTGGTTCGAGAACCTCCCACATAAAAAAACTAAGGAAAT"
"CP001878.2/2145499-2145456","GTGAAAGAGGTTCGCAAACTCCCTCTATAAAAAACTATAAATGA"
"KK073875.1/886565-886608","ACGGGAGAGGTTCGAGAACTCCCTCTATAAAAAACTAATCGCTG"
"ALPT02000006.1/78699-78656","CCATAAGAGGTTCGCAAACTCCCTCTATAAAAAACTATACAAGA"
"CP009284.1/1381743-1381788","ATAACCGCGGTTCGTAACCATCCCGCGTAACCAAAACTAGGAGGAT"
"HF995054.1/55493-55447","CAAAGACTGGTTCGAGAGCCAAACCCAGTATAAAAAACTAAGAATAA"
"JRUN01000001.1/134866-134824","ACGGTAGAGGTTCTAGCTACCCTCTTTAAAAAACTAAGGAAAA"
"AP006627.1/2249570-2249527","AAAGAAGAGGTTCGCGAACTCCCTCTATAAAAAACTAACCAATT"
"AYZL01000020.1/26121-26077","AATTTTGTGGTTCGAAACCATCCCACATAAAAAAACTAGGAGTGA"
"CM000735.1/1161457-1161414","ATGGGAGAGGTTCGCGAACTCCCTCTATAAAAAACTATGGAAAC"
"LILC01000002.1/377693-377736","GCGGGAGAGGTTCGCGAACTCCCTCTATAAAAAACTATAGAAAG"
"CP011366.1/439004-439050","TATGAAGAGGTTCTTAGCCCAAACCCTCTATAAAAAACTAAGCCACG"
"CCAX010000001.1/1797810-1797764","ATGCGAGAGGTTCTTAGCTTAAACCCTCTATAAAAAACTAAGGACAG"
"KQ970938.1/11447-11493","ATGACACTGGTTCGAGAGCCAAACCCAGTATAAAAAACTAAGGACAT"
"AKFP01000001.1/86634-86590","TCTGGACTGGTTCGGAAACTTCCCAGAATAAAAAACCAAGTATCT"
"CP011058.1/2709642-2709685","CCGGGAGAGGTTCGCGAACTCCCTCTATAAAAAACTAAGACAAC"
"CP017253.1/2613466-2613421","GTGGTAGAGGTTCGAAGACCATCCCTCTATAAAAAACTAGGCAATT"
"KB291645.1/153593-153547","CTAGGAGAGGTTCGTATGACCATCCCTCTATAAAAAACTAGGCTTAG"
"AL591824.1/907926-907973","CCACACGTGGTTCATTCATACCATCCCACGTAAAAAAACTAGGAGGAA"
"CP003923.1/2072394-2072351","AAGAAAGAGGTTCGCGAACTCCCTCTATAAAAAACTATGCAAGT"
"CP009129.1/1124724-1124681","GTTAAAGAGGTTCGCAAACTCCCTCTCTAAAAAACTAAGGAGTG"
"CP002394.1/2569718-2569762","GCAGCAGAGGTTCTAGCTACACCCTCTATAAAAAACTAAGGAGAC"
"CSXB01000058.1/14666-14622","CTCGGACTGGTTCGGAAACTTCCCAGAATAAAAAACTAAGTATCT"
"AVBG01000002.1/389881-389837","TCGGGAGAGGTTCTAGCTAAACCCTCTATAAAAAACTAAAGAACA"
"CP002293.1/2878510-2878466","ATGGGAGAGGTTCTAGAACAACCCTCTATAAAAAACTAGGGACAG"
"JWIZ01000061.1/319-362","TTGTTCGTGGTTCGTGAACCTCCCACGCAAAAAACTAAGGATAT"
"AVBF01000040.1/32900-32855","GTAGGAGAGGTTCTAGCTCACACCCTCTATAAAAAACTAAGGATAT"
"JZQW01000050.1/35890-35846","AAAGACGTGGTTCGAAATCCTCCCACGATAAAAAACTAAGGTGTG"
"KE150423.1/241555-241512","TAGGAAGAGGTTCGCAAACTCCCTCTATAAAAAACTAAGGTGAA"
"JWHU01000034.1/164526-164570","AGGTTAGTGGTTCGTAACCATCCCACTCAAAAAAACTAGGAGAAT"
"JPVO01000048.1/31385-31341","TTTACCGTGGTTCGAGAACCTCCCACGCAAAAAAACTAAGGAGAA"
"AP012200.1/1198494-1198450","CTCGGACTGGTTCGGAAACTTCCCAGAATAAAAAACTAAGAATCT"
"AVPF01000027.1/14696-14740","TCGGGAGAGGTTCTAGCTCAACCCTCTATAAAAAACTAAGGGACG"
"LJIV01000009.1/103850-103805","TTATTAGCGGTTCATCAACCATCCCGCTTAAAAAAACTAGGAGATT"
"AJLR01000040.1/54654-54697","ACGGTAGAGGTTCTTAGCTACCCTCTCTAAAAAACTAAGAAGGA"
"NGMO01000003.1/100583-100627","CTTGGACTGGTTCGGAAACTTCCCAGAATAAAAAACTAAGTGTCT"
"JAIL01000256.1/50865-50821","GTCCCTGTGGTTCGCAAACCTCCCACATTAAAAAACTAGGAAATC"
"AM180355.1/1956412-1956455","TCTGTACTTGTTCGAGAACTCCAAGTATAAAAAACTAAGGAATT"
"JAIK01000393.1/4676-4631","AACCACGTGGTTCGCAATCCATCCCACGAAAAAAAACTAGGAGCCT"
"CP007739.1/400420-400376","TCGAACGTGGTTCGAAACCATCCCACGATAAAAAACTAAGGAGAG"
"FXAZ01000011.1/35141-35184","GCGGGAGAGGTTCGCAATCTCCCTCTATAAAAAACTAAGGTCTA"
"CP000513.1/859945-859989","CCGCTTGTGGTTCGAAAACTTCCCACACTAAAAAACTAGGAAAAA"
"CP015438.1/1227076-1227120","GCGGGAGAGGTTCTAGAACAACCCTCTATAAAAAACTAGGGAAAG"
"AZEU01000151.1/8631-8586","AACGTCGTGGTTCGTGATCCATCCCACGTAAAAAAACTAGGAGGCT"
"LQYN01000169.1/9946-9990","AAAGACGTGGTTCGAAACCATCCCACGATAAAAAACTAAGGAGAG"
"AP011114.1/205619-205575","CCTGGACTGGTTCGAAAACTTCCCAGAATAAAAAACTAAGTAACA"
"AYYI01000009.1/22832-22785","TTAATGGTGGTTCGTGACTATCCCACCATAATAAAAAACTAGGAGGCC"
"JPUW01000030.1/19339-19295","GAGTAAGAGGTTCGTAACCATCCCTCTATAAAAAACTAAGGAGAT"
"FRCZ01000001.1/30828-30784","GCAGGAGAGGTTCTAGCTACACCCTCTATAAAAAACTAAGGATGA"
"ALJP01000009.1/510122-510187","TTTTCCGTGGTTCGAGACCTTCCCACGGCTAGTCAATATTTGACTAGAAAACAAAACTAAGGATGT"
"JNFA01000002.1/72649-72693","GAAAACGTAGTTCGAAACCATCCTACGTAAAAAAACTAAGGGAGT"
"JNEZ01000044.1/213430-213386","GAAAACGTAGTTCGAAACCATCCTACGTAAAAAAACTAAGGGGAG"
"MLHQ01000011.1/95599-95643","CCATTTGTAGTTCGCAAACCTCCTACATAAAAAAACTAGGTATCA"
"MLHH01000003.1/93079-93123","AACGTTGTAGTTCGCAAACCTCCTACATAAAAAAACTAGGTACAA"
"AYZQ01000005.1/22373-22328","ACCCTTGTGGTTCGAAATTCCGCCCACAATAAAAAACTAGGAGGCA"
"JQBK01000021.1/19599-19555","TAAATGGTGGTTCGTAAACATCCCACCGAAAAAAACTAGGAGGTT"
"LSBA01000040.1/101243-101287","GCGGGAGAGGTTCTAGCTACACCCTCTATAAAAAACTAAGGACGA"
"CP009238.1/64400-64444","TGTTCAGTGGTTCGTAACCATCCCACTATAAAAAACTAAGGAATG"
"LBMD01000019.1/19428-19383","TAAGGAGAGGTTCTAGCAAATACCCTCTATAAAAAACTAAGGACAG"
"FTLX01000005.1/265586-265629","GCGGGAGAGGTTCGCGAATTCCCTCTATAAAAAACTAATAATCA"
"KK036513.1/23562-23518","TCTGGCCTGGTTCGTAAACTGCCCAGGATAAAAAACCAAGAACTT"
"MTBM01000006.1/128334-128290","TTCCCTGTGGTTCGAAAACCTCCCACATTAAAAAACTAAGGAATA"
"MBSV01000056.1/4883-4927","CCCGCACTGGTTCGAGAACCTCCCAGTATAAAAAACTAAGGATTG"
"CP004078.1/2942048-2942005","GCAGGAGAGGTTCGCAAACTCCCTCTATAAAAAACTAAGATCCG"
"AFXZ01000008.1/10710-10754","GGACACGTGGTTCGTAATTCTCCCACGTTAAAAAACTATGAAACG"
"CP002667.1/567923-567967","TTCACCGTGGTTCGCAAACCTCCCACGCAAAAAAACTAGGAATAT"
"CP001733.2/995079-995035","TTTTCTGTAGTTCGCAAACCTCCTACATAAAAAAACTAGGTATCA"
"CP007446.1/34780-34824","CACCCTGTGGTTCGTAAACCTCCCACATAAAAAAACTAGGAAATC"
"AYYX01000006.1/18880-18835","GTCCTGGTGGTTCGAAACCATCCCACCATAAAAAAACTAGGGGGAA"
"LDUY01000013.1/26173-26127","CAATTAGCGGTTCATCAACCATCCCGCTTAAACAAAACTAGGAGTAC"
"FQVW01000003.1/36059-36103","CAACACGTGGTTCGAAACCATCCCACGATAAAAAACTAAGGGAGA"
"LJJC01000004.1/2513548-2513506","GCGGTAGAGGTTCTAGCTACCCTCTTAAAAAAACTAAGGGAAA"
"JPVQ01000001.1/185771-185727","TACACCGTGGTTCGTAACCATCCCACGAAAAAAAACTAAGGAGAA"
"AZFT01000018.1/12769-12722","AATCAGGTGGTTCGCAACCATCCCACCTTAATAAAAAACTAGGAGAGA"
"FQVT01000013.1/14669-14625","GGACACGTGGTTCGAAACTCTCCCACATTAAAAAACTAAGAAAAG"
"LZPO01055223.1/74398-74484","CTGGAACTGGTTCAAACACCACTTTCCCAGTTTTGTTTCCAAATATATGAAATTGGTGGCTTAGTGGGNAAAAAAAACTAGGAAAAT"
"JAIL01000253.1/27085-27162","TTCTTCGTGGTTCGAAAACCTCCCACGTCAGATCGATAGACAAGGTTTTGTCTGCTCTGAAATCAAAACTAGGAAACG"
"JXLP01000003.1/302367-302410","GCAGGAGAGGTTCGCGAACTCCCTCTATAAAAAACTAAGGGAAA"
"FUKX01000034.1/158391-158435","CTCGGACTGGTTCGGAAACTTCCCAGAATAAAAAACTAAGTATCT"
"LITN01000019.1/355661-355705","GCTCACGTGGTTCGAGAACCTCCCACGGAAAAAAACTAAGGAGAG"
"FR888930.1/78583-78539","GTCGGACTGGTTCGTGAACTTCCCAGTATAAAAAACCAAGTATCT"
"LSFN01000001.1/42494-42537","ATGGAAGAGGTTCGCGAACTCCCTCTATAAAAAACTATTTACCT"
"LYPC01000030.1/5864-5821","ATAGAAGAGGTTCGCAAACTCCCTCTCTAAAAAACTATGAAATG"
"MXQD01000006.1/318351-318308","CCGGGAGAGGTTCGCGAACTCCCTCTATAAAAAACTAAACGAAA"
"HF997184.1/16271-16315","TCTGGACTGGTTCGTGAACTTCCCAGTATAAAAAACCAAGTATCT"
"AFWQ01000022.1/35544-35500","TCTACTGTGGTTCGAAAACCTCCCACATTAAAAAACTAAGGAATT"
"LGPB01000086.1/12207-12163","GAGGACGTGGTTCGAAACCATCCCACGATAAAAAACTAAGGGGAG"
"AP012046.1/1895612-1895656","CCTGGACTGGTTCGTAAACTTCCCAGAATAAAAAACCAAGAACTT"
"JFZW01000007.1/6045-6000","AACCACGTGGTTCGCAATCCATCCCACGCTAAAAAACTAGGAGCCT"
"GG694025.1/159470-159426","GCCCCTGTGGTTCGCAAACCTCCCACAATAAAAAACTAGGAAATC"
"AP008955.1/4851673-4851716","ACGGGAGAGGTTCGCGAACTCCCTCTATAAAAAACTAAGCTGGA"
"LQYN01000129.1/33546-33504","GCGGTAGAGGTTCTAGCTACCCTCTTTAAAAAACTAAGGAAAA"
"FTOC01000002.1/6205-6160","TATAAAGAGGTTCTTAGCCTAACCCTCTCTAAAAAACTAAGGACGA"
"CP003137.1/230097-230141","AATCCCGTGGTTCGCAATTATCCCACGTAAAAAAACTAAGGAGGA"
"LFXJ01000005.1/1202925-1202879","ACGGGAGAGGTTCATAGCTAATACCCTCTATAAAAAACTATGGAAAC"
"LAZH01000032.1/116095-116137","TAGGTAGAGGTTCTAGCTACCCTCTATAAAAAACTAAGAAAAC"
"BAUO01000016.1/5785-5816","AGAGGTTCGTGAACTCCCTCTATAAAAAACTA"
"KI391971.1/1478131-1478085","ACGCTCGAGGTTCGCAACCATCCCTCGATTCAAAAAACTAGGAGGAA"
"CVRB01000002.1/327923-327967","TTAAACGTGGTTCGAGAACCTCCCACGGAAAAAAACTAAGGAGAA"
"AJSW01000004.1/5244-5288","TTTCTTGTGGTTCGAGAACCTCCCACATAAAAAAACTAAGGATAC"
"KE136514.1/212747-212793","ATAACCGCGGTTCATCAACCATCCCGCGTTAAAAAAACTAGGAGAAA"
"LFXJ01000010.1/91329-91285","CTTCACGTGGTTCGTAACCATCCCACGTAAAAAAACTAAGGAGAA"
"LDYG01000028.1/69479-69436","ACAGGAGAGGTTCGAGAACTCCCTCTATAAAAAACTACAAGAAA"
"MRTH01000018.1/82993-83036","GCAAGAGAGGTTCGAAAACTCCCTCTATAAAAAACTAAAGAACT"
"CP015436.1/180360-180404","GCGGGAGAGGTTCTAGAACAACCCTCTATAAAAAACTAGGGAAGG"
"AYZE01000017.1/65100-65146","TCAATGGTGGTTCGCAAAAATCCCACCAAATAAAAAACTAGAAAGAG"
"LMLV01000030.1/503610-503653","ACAGGAGAGGTTCGCGAACTCCCTCTATAAAAAACTAAGGAAAA"
"AVPE01000001.1/412816-412860","GCGGGAGAGGTTCTAGCGACACCCTCTATAAAAAACTAAGGATGT"
"AYYP01000060.1/24447-24403","AACACAGTGGTTCGCAATTATCCCACTAAAAAAAACTAAGGAGCG"
"LDPH01000042.1/13788-13832","GATAACGTGGTTCGAGACCATCCCACGTAAAAAAACTAAGGGAGA"
"CP007726.1/1259853-1259809","CAAACTGTGGTTCGCAATCCTCCCACAATAAAAAACTAAGGAATT"
"CP008876.1/283920-283964","CTGGGAGAGGTTCTAGCACAACCCTCTATAAAAAACTAAGGAACT"
"LPUT01000023.1/309630-309673","AAACAAGAGGTTCGCAAACTCCCTCTATAAAAAACTAAGGAGAT"
"JWIR02000016.1/21963-21920","GCAGGAGAGGTTCGCGAACTCCCTCTATAAAAAACTACGAAAAG"
"AVPE01000001.1/14853-14899","TCGGGAGAGGTTCTCTAGCTCAACCCTCTATAAAAAACTAAGGGAAT"
"AE002098.2/329220-329176","CCGCCCGTGGTTCGAAAACCTCCCACATTAAAAAACTAAGGAAAC"
"HE999757.2/642665-642712","ACTGACGTGGTTCACTAATACCATCCCACGAAAAAAAACTAGGAGGAA"
"KE993490.1/45180-45137","GCAGGACTGGTTCGAGAACTCCCAGTATAAAAAACTAAGGATTT"
"CP003504.1/1670343-1670299","CTTGGACTGGTTCGGAAACTTCCCAGAATAAAAAACTAAGTATCT"
"CP003745.1/835644-835600","TACTCAGTGGTTCGAAAACCTCCCACGCTAAAAAACTAAGGAACA"
"CP014616.1/1659215-1659172","TCGGGAGAGGTTCATAGCGACCCTCTATAAAAAACTATGGATGA"
"JQCN01000007.1/13832-13876","TATCAGGTGGTTCGTAACCATCCCACCTAAAAAAACTAGGAGGTC"
"LN831776.1/4341332-4341289","GCAGGAGAGGTTCGCAAACTCCCTCTATAAAAAACTAAGACCGC"
"FR904113.1/15934-15978","TCCGGACTGGTTCGTGAACTTCCCAGTATAAAAAACCAAGTATCT"
"CCXR01000001.1/318554-318510","GCCCGCGTGGTTCGAGAACCTCCCACGATAAAAAACTAAGGAGAG"
"CDGG01000001.1/3527407-3527452","GTAGAAGAGGTTCTAGCTAACACCCTCTATAAAAAACTAAGGATAC"
"CCDP010000002.1/869448-869402","ATTGGAGAGGTTCTTAGCTATAACCCTCTATAAAAAACTAAGGACAA"
"CP009286.1/3127258-3127215","GCGGGAGAGGTTCGCAAACTCCCTCTATAAAAAACTAAGAACGA"
"JQBK01000002.1/36743-36787","TACATGGTGGTTCGTGACCATCCCACCTAAAAAAACTAGGAGGTT"
"CP010796.1/2093552-2093596","GAATATGTGGTTCGCAACCATCCCACATAAAAAAACTAGGAGGAT"
"AZEH01000020.1/72536-72489","AAAATGGTGGTTCGCAAACATCCCACCGTAATAAAAAACTAGAAAGAA"
"AAXV01000007.1/14855-14899","AGCACCGTGGTTCGTAACCATCCCACGAAAAAAAACTAAGGAGAA"
"AL766846.1/39196-39152","CTCGGACTGGTTCGAAAACTTCCCAGAATAAAAAACTAAGTGACT"
"ABDX01000003.1/184506-184550","TTGGTAGAGGTTCGTAACCATCCCTCTATAAAAAACTAAGGGCTG"
"AE017355.1/1568663-1568707","AATAACGTGGTTCGAAACCATCCCACGTAAAAAAACTAAGGAGAT"
"AAXB02000001.1/142227-142271","CTTGAACTGGTTCGAAAACCTCCCAGTATAAAAAACTAGGCAAAG"
"AM421808.1/1884627-1884671","CGCCCCGTGGTTCGAAAACCTCCCACACTAAAAAACTAAGGAAAC"
"AL596166.1/191853-191900","CCACACGTGGTTCATTCATACCATCCCACGTAAAAAAACTAGGAGGAA"
"AE017333.1/1501710-1501754","GCGGGAGAGGTTCTAGCAAAACCCTCTATAAAAAACTAAGGAAAG"
"AAYG02000018.1/120313-120357","TCTGGACTGGTTCGTGAACTTCCCAGTATAAAAAACCAAGTATCT"
"AASA01000045.1/1296-1252","TTATTTGTGGTTCGTAAACCTCCCACACAAAAAAACTAAGGACAC"
"AARF01000079.1/5363-5319","ATGGGAGAGGTTCGAGATCTTCCCTCTATAAAAAACTAAGGAGCT"
"AAVO02000002.1/275638-275594","TCATAACTGGTTCGAAACCCTCCCAGTATAAAAAACTAGGTCATG"
"AARM02000383.1/1741-1694","CCACACGTGGTTCATTCATACCATCCCACGTAAAAAAACTAAGGAGGA"
"AAAK03000099.1/1629-1673","CTTGGACTGGTTCGGAAACTTCCCAGAATAAAAAACTAAGTATCT"
"AE017355.1/1321429-1321472","ACGGGAGAGGTTCGCGAACTCCCTCTATAAAAAACTATGGAAAC"
"X99978.2/10136-10181","CAATACGTGGTTCGTAACCATCCCACGTTAAAAAAACTAGGAGGAA"
"AAOX01000006.1/21305-21347","ACGGTAGAGGTTCTAGCTACCCTCTCAAAAAAACTAAGGAAAA"
"</body></html>",
